scenario,metric,n_observed,mean,median,ci99_lower,ci99_upper
primary_observed,traffic_volume,1568,2050.9489795918366,2008.5,1981.8410650510202,2115.939362244898
primary_observed,avg_speed_kmph,1551,38.16292714377821,37.9,37.38490135396518,38.97706544165055
primary_observed,public_transport_usage,1600,1298.6725,1305.0,1254.654678125,1346.434728125
primary_observed,parking_occupancy_pct,1600,68.1373125,67.9,66.7776471875,69.3211975
primary_observed,road_incidents,1600,1.959375,2.0,1.86875,2.050003125
primary_observed,waterlogging_reports,1600,1.02125,1.0,0.956875,1.0868781250000001
primary_observed,power_outage_minutes,1600,11.875062499999999,8.0,11.109999375,12.678915625
primary_observed,citizen_complaints,1600,7.953125,8.0,7.771865624999999,8.130625
primary_observed,temperature_c,1568,28.931823979591837,28.95,28.464456951530607,29.40381568877551
flagged_values_included,traffic_volume,1568,2050.9489795918366,2008.5,1984.2223022959183,2119.154744897959
flagged_values_included,avg_speed_kmph,1561,38.430941704035874,37.9,37.55066335682255,39.37839974375401
flagged_values_included,public_transport_usage,1600,1298.6725,1305.0,1255.7988875,1341.140128125
flagged_values_included,parking_occupancy_pct,1600,68.1373125,67.9,66.81778187500001,69.498594375
flagged_values_included,road_incidents,1600,1.959375,2.0,1.87061875,2.054375
flagged_values_included,waterlogging_reports,1600,1.02125,1.0,0.9612468750000001,1.0881281250000001
flagged_values_included,power_outage_minutes,1600,11.875062499999999,8.0,11.1056359375,12.682072812500003
flagged_values_included,citizen_complaints,1600,7.953125,8.0,7.7749875,8.12751875
flagged_values_included,temperature_c,1568,28.931823979591837,28.95,28.468675063775507,29.382760522959185
city_month_median_imputed,traffic_volume,1600,2048.04,2000.0,1978.3035078125001,2117.74324375
city_month_median_imputed,avg_speed_kmph,1600,38.158875,38.0,37.34913703125,38.92306765625
city_month_median_imputed,public_transport_usage,1600,1298.6725,1305.0,1256.22795,1342.54151875
city_month_median_imputed,parking_occupancy_pct,1600,68.1373125,67.9,66.820430625,69.43656593749999
city_month_median_imputed,road_incidents,1600,1.959375,2.0,1.869996875,2.046875
city_month_median_imputed,waterlogging_reports,1600,1.02125,1.0,0.959996875,1.0856281250000002
city_month_median_imputed,power_outage_minutes,1600,11.875062499999999,8.0,11.097686562499998,12.6366540625
city_month_median_imputed,citizen_complaints,1600,7.953125,8.0,7.7799875,8.130628125
city_month_median_imputed,temperature_c,1600,28.925406249999995,28.9,28.473615156250005,29.367245781250002
