category,variable_x,variable_y,grouping,observed_value,sim_q005,sim_q995,observed_sim_percentile,flagged,method,interpretation
"pairwise_abs_spearman","traffic_volume","avg_speed_kmph","",0.0160352375303078,0.00017602164159552695,0.07200619092139798,0.4772,0,"absolute Pearson correlation of field-level average ranks","not unusual under the independent-permutation null"
"pairwise_abs_spearman","traffic_volume","public_transport_usage","",0.03009069778565458,0.00016851175244017035,0.06993073564368871,0.7678,0,"absolute Pearson correlation of field-level average ranks","not unusual under the independent-permutation null"
"pairwise_abs_spearman","traffic_volume","parking_occupancy_pct","",0.0035323447529014016,0.0002110169613249802,0.07059232378150886,0.1112,0,"absolute Pearson correlation of field-level average ranks","not unusual under the independent-permutation null"
"pairwise_abs_spearman","traffic_volume","road_incidents","",0.016418197977952104,0.00021467133391205525,0.07074855876784375,0.48,0,"absolute Pearson correlation of field-level average ranks","not unusual under the independent-permutation null"
"pairwise_abs_spearman","traffic_volume","waterlogging_reports","",0.018192452062995638,0.0001347012554987666,0.06939606541360947,0.5356,0,"absolute Pearson correlation of field-level average ranks","not unusual under the independent-permutation null"
"pairwise_abs_spearman","traffic_volume","power_outage_minutes","",0.01966841352160175,0.00011845200310448695,0.06870182389612353,0.558,0,"absolute Pearson correlation of field-level average ranks","not unusual under the independent-permutation null"
"pairwise_abs_spearman","traffic_volume","citizen_complaints","",0.025816433182468432,0.00015718692645087906,0.07362365393815724,0.6968,0,"absolute Pearson correlation of field-level average ranks","not unusual under the independent-permutation null"
"pairwise_abs_spearman","traffic_volume","temperature_c","",0.0007040687720353243,0.00011166144216872648,0.0705616332775197,0.0214,0,"absolute Pearson correlation of field-level average ranks","not unusual under the independent-permutation null"
"pairwise_abs_spearman","avg_speed_kmph","public_transport_usage","",0.0039510733551503825,0.00015706390913148606,0.07148827959562674,0.1292,0,"absolute Pearson correlation of field-level average ranks","not unusual under the independent-permutation null"
"pairwise_abs_spearman","avg_speed_kmph","parking_occupancy_pct","",0.03161635647506988,0.00018371747019542344,0.07251937559674691,0.8004,0,"absolute Pearson correlation of field-level average ranks","not unusual under the independent-permutation null"
"pairwise_abs_spearman","avg_speed_kmph","road_incidents","",0.009549156778258126,0.00015721805720259911,0.0693860125961418,0.293,0,"absolute Pearson correlation of field-level average ranks","not unusual under the independent-permutation null"
"pairwise_abs_spearman","avg_speed_kmph","waterlogging_reports","",0.013988186822736313,0.00019481083449343482,0.06995562300975743,0.424,0,"absolute Pearson correlation of field-level average ranks","not unusual under the independent-permutation null"
"pairwise_abs_spearman","avg_speed_kmph","power_outage_minutes","",0.006299210773451376,0.00021814213544508923,0.07448851542297494,0.2002,0,"absolute Pearson correlation of field-level average ranks","not unusual under the independent-permutation null"
"pairwise_abs_spearman","avg_speed_kmph","citizen_complaints","",0.0038339248412502416,0.0001659658342017695,0.06982781604064953,0.1224,0,"absolute Pearson correlation of field-level average ranks","not unusual under the independent-permutation null"
"pairwise_abs_spearman","avg_speed_kmph","temperature_c","",0.048124870164625244,0.0001530752012811171,0.07145430939145575,0.9426,0,"absolute Pearson correlation of field-level average ranks","not unusual under the independent-permutation null"
"pairwise_abs_spearman","public_transport_usage","parking_occupancy_pct","",0.018957341838112728,0.00013354693299334394,0.07218980730442887,0.5436,0,"absolute Pearson correlation of field-level average ranks","not unusual under the independent-permutation null"
"pairwise_abs_spearman","public_transport_usage","road_incidents","",0.009352791216523859,0.0002833095358453839,0.07029251238568537,0.2882,0,"absolute Pearson correlation of field-level average ranks","not unusual under the independent-permutation null"
"pairwise_abs_spearman","public_transport_usage","waterlogging_reports","",0.003774154965022858,0.00010116328114958299,0.07147072817741615,0.123,0,"absolute Pearson correlation of field-level average ranks","not unusual under the independent-permutation null"
"pairwise_abs_spearman","public_transport_usage","power_outage_minutes","",0.024007885483387247,0.00017567932001215394,0.06970916483930147,0.6494,0,"absolute Pearson correlation of field-level average ranks","not unusual under the independent-permutation null"
"pairwise_abs_spearman","public_transport_usage","citizen_complaints","",0.040006868004831046,0.00010441830933881388,0.07089310671877037,0.8836,0,"absolute Pearson correlation of field-level average ranks","not unusual under the independent-permutation null"
"pairwise_abs_spearman","public_transport_usage","temperature_c","",0.012202065744741539,0.00017691956614519335,0.07058410893612883,0.3768,0,"absolute Pearson correlation of field-level average ranks","not unusual under the independent-permutation null"
"pairwise_abs_spearman","parking_occupancy_pct","road_incidents","",0.012739056201615884,0.00017060587473773588,0.06974369702615238,0.3962,0,"absolute Pearson correlation of field-level average ranks","not unusual under the independent-permutation null"
"pairwise_abs_spearman","parking_occupancy_pct","waterlogging_reports","",0.02276595691055129,0.00014863390344862365,0.07070551646380802,0.6358,0,"absolute Pearson correlation of field-level average ranks","not unusual under the independent-permutation null"
"pairwise_abs_spearman","parking_occupancy_pct","power_outage_minutes","",0.028723715649241456,0.00016150520195364366,0.07011363902381114,0.7542,0,"absolute Pearson correlation of field-level average ranks","not unusual under the independent-permutation null"
"pairwise_abs_spearman","parking_occupancy_pct","citizen_complaints","",0.0005482692444251172,0.00016525028513742767,0.06872800360864927,0.0172,0,"absolute Pearson correlation of field-level average ranks","not unusual under the independent-permutation null"
"pairwise_abs_spearman","parking_occupancy_pct","temperature_c","",0.010897667240335435,0.0001575731975043864,0.06917330234775869,0.3362,0,"absolute Pearson correlation of field-level average ranks","not unusual under the independent-permutation null"
"pairwise_abs_spearman","road_incidents","waterlogging_reports","",0.017836217854568532,0.00013117717535332388,0.06906504646686057,0.5218,0,"absolute Pearson correlation of field-level average ranks","not unusual under the independent-permutation null"
"pairwise_abs_spearman","road_incidents","power_outage_minutes","",0.0027120252779729904,0.0001004303161835085,0.06677143310263775,0.0924,0,"absolute Pearson correlation of field-level average ranks","not unusual under the independent-permutation null"
"pairwise_abs_spearman","road_incidents","citizen_complaints","",0.004345918918295708,0.0001899872931586326,0.07085163193926952,0.1356,0,"absolute Pearson correlation of field-level average ranks","not unusual under the independent-permutation null"
"pairwise_abs_spearman","road_incidents","temperature_c","",0.010033122121972136,0.00020019245588296877,0.06947491910772591,0.3202,0,"absolute Pearson correlation of field-level average ranks","not unusual under the independent-permutation null"
"pairwise_abs_spearman","waterlogging_reports","power_outage_minutes","",0.02322924486503271,0.00018747782908065316,0.07152472069993736,0.6448,0,"absolute Pearson correlation of field-level average ranks","not unusual under the independent-permutation null"
"pairwise_abs_spearman","waterlogging_reports","citizen_complaints","",0.016331864404476443,0.00017489519380252795,0.07041009456445615,0.4916,0,"absolute Pearson correlation of field-level average ranks","not unusual under the independent-permutation null"
"pairwise_abs_spearman","waterlogging_reports","temperature_c","",0.016151379620159344,0.00018695998078816861,0.07061295756280492,0.4676,0,"absolute Pearson correlation of field-level average ranks","not unusual under the independent-permutation null"
"pairwise_abs_spearman","power_outage_minutes","citizen_complaints","",0.03235476740882055,0.00012888160665599835,0.07294117378275905,0.8028,0,"absolute Pearson correlation of field-level average ranks","not unusual under the independent-permutation null"
"pairwise_abs_spearman","power_outage_minutes","temperature_c","",0.0013062587498649538,0.00015207373426374997,0.07250184378909941,0.0374,0,"absolute Pearson correlation of field-level average ranks","not unusual under the independent-permutation null"
"pairwise_abs_spearman","citizen_complaints","temperature_c","",0.004571190254207226,0.00013217954232863804,0.07295534231046424,0.1422,0,"absolute Pearson correlation of field-level average ranks","not unusual under the independent-permutation null"
"group_alignment_eta_squared","traffic_volume","","city",0.005575562735177181,0.00044122924618516314,0.011994255198308573,0.81,0,"between-group sum of squares / total sum of squares","not unusual under the independent-permutation null"
"group_alignment_eta_squared","traffic_volume","","zone",0.0004746417781957738,0.0002641603937583106,0.010293038223599218,0.022,0,"between-group sum of squares / total sum of squares","not unusual under the independent-permutation null"
"group_alignment_eta_squared","avg_speed_kmph","","city",0.0038439419755770415,0.00045625507916378433,0.012241487326408274,0.5718,0,"between-group sum of squares / total sum of squares","not unusual under the independent-permutation null"
"group_alignment_eta_squared","avg_speed_kmph","","zone",0.0052706548201650995,0.000266799518013711,0.011543492356078978,0.8598,0,"between-group sum of squares / total sum of squares","not unusual under the independent-permutation null"
"group_alignment_eta_squared","public_transport_usage","","city",0.0031323849917293508,0.00043706800641020904,0.01136086065523659,0.456,0,"between-group sum of squares / total sum of squares","not unusual under the independent-permutation null"
"group_alignment_eta_squared","public_transport_usage","","zone",0.006227550032163383,0.00027171325565631424,0.01040962557860818,0.9282,0,"between-group sum of squares / total sum of squares","not unusual under the independent-permutation null"
"group_alignment_eta_squared","parking_occupancy_pct","","city",0.0012715051543155766,0.0004498789618283624,0.011444865955001498,0.081,0,"between-group sum of squares / total sum of squares","not unusual under the independent-permutation null"
"group_alignment_eta_squared","parking_occupancy_pct","","zone",0.0015733728037763185,0.0003023737498375027,0.010547932017865509,0.2292,0,"between-group sum of squares / total sum of squares","not unusual under the independent-permutation null"
"group_alignment_eta_squared","road_incidents","","city",0.006256559868395907,0.0004394543921157262,0.011933894752787465,0.869,0,"between-group sum of squares / total sum of squares","not unusual under the independent-permutation null"
"group_alignment_eta_squared","road_incidents","","zone",0.0022220527683445472,0.0002781480435990537,0.010894110882075998,0.3816,0,"between-group sum of squares / total sum of squares","not unusual under the independent-permutation null"
"group_alignment_eta_squared","waterlogging_reports","","city",0.005591041363888963,0.00043322331752662104,0.011646345242933343,0.815,0,"between-group sum of squares / total sum of squares","not unusual under the independent-permutation null"
"group_alignment_eta_squared","waterlogging_reports","","zone",0.0004439406708603812,0.0002814132638002218,0.00975871507977043,0.0182,0,"between-group sum of squares / total sum of squares","not unusual under the independent-permutation null"
"group_alignment_eta_squared","power_outage_minutes","","city",0.0017568956379821392,0.00039945893186758976,0.011314273633336997,0.1736,0,"between-group sum of squares / total sum of squares","not unusual under the independent-permutation null"
"group_alignment_eta_squared","power_outage_minutes","","zone",0.003320077292333902,0.00024807986610255253,0.011024213720503119,0.6306,0,"between-group sum of squares / total sum of squares","not unusual under the independent-permutation null"
"group_alignment_eta_squared","citizen_complaints","","city",0.0030273797855987186,0.0003960787220367169,0.011541890705625179,0.4482,0,"between-group sum of squares / total sum of squares","not unusual under the independent-permutation null"
"group_alignment_eta_squared","citizen_complaints","","zone",0.0019227036134077625,0.0002609563970834985,0.010359047921714186,0.3094,0,"between-group sum of squares / total sum of squares","not unusual under the independent-permutation null"
"group_alignment_eta_squared","temperature_c","","city",0.0015384817282659221,0.0004821032403768122,0.011239199952516545,0.126,0,"between-group sum of squares / total sum of squares","not unusual under the independent-permutation null"
"group_alignment_eta_squared","temperature_c","","zone",0.0018039720915435857,0.0002278036752754419,0.01060766572571373,0.2806,0,"between-group sum of squares / total sum of squares","not unusual under the independent-permutation null"
"within_city_lag1_autocorrelation","traffic_volume","","city",0.015269457519277942,-0.06416862517245212,0.06358075082983729,0.7284,0,"correlation of consecutive observed values within city","not unusual under the independent-permutation null"
"within_city_lag1_autocorrelation","avg_speed_kmph","","city",-0.032584725044537716,-0.06714156827960031,0.06721389703938856,0.0974,0,"correlation of consecutive observed values within city","not unusual under the independent-permutation null"
"within_city_lag1_autocorrelation","public_transport_usage","","city",-0.011638696652502348,-0.06353491727116875,0.06149579973111705,0.3376,0,"correlation of consecutive observed values within city","not unusual under the independent-permutation null"
"within_city_lag1_autocorrelation","parking_occupancy_pct","","city",-0.020128982654351316,-0.06361290076701599,0.06403011749844371,0.2092,0,"correlation of consecutive observed values within city","not unusual under the independent-permutation null"
"within_city_lag1_autocorrelation","road_incidents","","city",-0.008468549047408671,-0.06227515914046409,0.06697048152007364,0.3856,0,"correlation of consecutive observed values within city","not unusual under the independent-permutation null"
"within_city_lag1_autocorrelation","waterlogging_reports","","city",0.009702700414896823,-0.06492771610359882,0.06733271829878894,0.6686,0,"correlation of consecutive observed values within city","not unusual under the independent-permutation null"
"within_city_lag1_autocorrelation","power_outage_minutes","","city",-0.0077839018904428195,-0.061117447280447386,0.0683594341023428,0.3926,0,"correlation of consecutive observed values within city","not unusual under the independent-permutation null"
"within_city_lag1_autocorrelation","citizen_complaints","","city",0.00610886794902374,-0.06376389469181697,0.06362457047817038,0.6158,0,"correlation of consecutive observed values within city","not unusual under the independent-permutation null"
"within_city_lag1_autocorrelation","temperature_c","","city",-0.006159686764918852,-0.0678785229207721,0.06561997931616383,0.4196,0,"correlation of consecutive observed values within city","not unusual under the independent-permutation null"
"marginal_entropy_bits","traffic_volume","","",10.252846634569883,10.252846634569883,10.252846634569883,1.0,0,"exactly preserved by independent permutation; no provenance separation expected","not unusual under the independent-permutation null"
"marginal_unique_rate","traffic_volume","","",0.8278061224489796,0.8278061224489796,0.8278061224489796,1.0,0,"exactly preserved by independent permutation; no provenance separation expected","not unusual under the independent-permutation null"
"marginal_entropy_bits","avg_speed_kmph","","",8.5676351114983,8.5676351114983,8.5676351114983,1.0,0,"exactly preserved by independent permutation; no provenance separation expected","not unusual under the independent-permutation null"
"marginal_unique_rate","avg_speed_kmph","","",0.30301089045483665,0.30301089045483665,0.30301089045483665,1.0,0,"exactly preserved by independent permutation; no provenance separation expected","not unusual under the independent-permutation null"
"marginal_entropy_bits","public_transport_usage","","",10.02664863909514,10.02664863909514,10.02664863909514,1.0,0,"exactly preserved by independent permutation; no provenance separation expected","not unusual under the independent-permutation null"
"marginal_unique_rate","public_transport_usage","","",0.715625,0.715625,0.715625,1.0,0,"exactly preserved by independent permutation; no provenance separation expected","not unusual under the independent-permutation null"
"marginal_entropy_bits","parking_occupancy_pct","","",9.077341787159623,9.077341787159623,9.077341787159623,1.0,0,"exactly preserved by independent permutation; no provenance separation expected","not unusual under the independent-permutation null"
"marginal_unique_rate","parking_occupancy_pct","","",0.41875,0.41875,0.41875,1.0,0,"exactly preserved by independent permutation; no provenance separation expected","not unusual under the independent-permutation null"
"marginal_entropy_bits","road_incidents","","",2.433841880042796,2.433841880042796,2.433841880042796,1.0,0,"exactly preserved by independent permutation; no provenance separation expected","not unusual under the independent-permutation null"
"marginal_unique_rate","road_incidents","","",0.005625,0.005625,0.005625,1.0,0,"exactly preserved by independent permutation; no provenance separation expected","not unusual under the independent-permutation null"
"marginal_entropy_bits","waterlogging_reports","","",1.8860041807815575,1.8860041807815575,1.8860041807815575,1.0,0,"exactly preserved by independent permutation; no provenance separation expected","not unusual under the independent-permutation null"
"marginal_unique_rate","waterlogging_reports","","",0.004375,0.004375,0.004375,1.0,0,"exactly preserved by independent permutation; no provenance separation expected","not unusual under the independent-permutation null"
"marginal_entropy_bits","power_outage_minutes","","",8.043210841514249,8.043210841514249,8.043210841514249,1.0,0,"exactly preserved by independent permutation; no provenance separation expected","not unusual under the independent-permutation null"
"marginal_unique_rate","power_outage_minutes","","",0.2375,0.2375,0.2375,1.0,0,"exactly preserved by independent permutation; no provenance separation expected","not unusual under the independent-permutation null"
"marginal_entropy_bits","citizen_complaints","","",3.507352173919278,3.507352173919278,3.507352173919278,1.0,0,"exactly preserved by independent permutation; no provenance separation expected","not unusual under the independent-permutation null"
"marginal_unique_rate","citizen_complaints","","",0.010625,0.010625,0.010625,1.0,0,"exactly preserved by independent permutation; no provenance separation expected","not unusual under the independent-permutation null"
"marginal_entropy_bits","temperature_c","","",7.973783878665117,7.973783878665117,7.973783878665117,1.0,0,"exactly preserved by independent permutation; no provenance separation expected","not unusual under the independent-permutation null"
"marginal_unique_rate","temperature_c","","",0.20344387755102042,0.20344387755102042,0.20344387755102042,1.0,0,"exactly preserved by independent permutation; no provenance separation expected","not unusual under the independent-permutation null"
