model_id,factor,target_metric,group_value,n,model_family,effect_native,ci99_lower,ci99_upper,effect_standardized,dispersion_ratio
M2_city_zone_counts,city,traffic_volume,Bengaluru,213,negative_binomial,64.5389609703293,-115.29703383574116,270.28100168258266,0.05861574740575802,593.4932207601478,eta-squared >= 0.06 equivalent; interval reported for adjusted contrast.,2026-10-01T18:10:50+00:00
M2_city_zone_counts,city,traffic_volume,Bhopal,193,negative_binomial,135.09629367992375,-49.718459561686615,325.4920261428587,0.12269751645733862,593.4932207601478,eta-squared >= 0.06 equivalent; interval reported for adjusted contrast.,2026-10-01T18:10:50+00:00
M2_city_zone_counts,city,traffic_volume,Delhi,221,negative_binomial,-143.63518151848507,-324.5523284887385,34.60298748626125,-0.1304527279628556,593.4932207601478,eta-squared >= 0.06 equivalent; interval reported for adjusted contrast.,2026-10-01T18:10:50+00:00
M2_city_zone_counts,city,traffic_volume,Indore,235,negative_binomial,-16.118836470646784,-183.72460212740782,175.66468432338203,-0.014639492685240408,593.4932207601478,eta-squared >= 0.06 equivalent; interval reported for adjusted contrast.,2026-10-01T18:10:50+00:00
M2_city_zone_counts,city,traffic_volume,Jaipur,222,negative_binomial,57.891429481937394,-105.81024028882315,227.87920959344453,0.052578308613172905,593.4932207601478,eta-squared >= 0.06 equivalent; interval reported for adjusted contrast.,2026-10-01T18:10:50+00:00
M2_city_zone_counts,city,traffic_volume,Nagpur,220,negative_binomial,10.999774420651192,-151.41212777145034,200.89219292222612,0.009990244485925736,593.4932207601478,eta-squared >= 0.06 equivalent; interval reported for adjusted contrast.,2026-10-01T18:10:50+00:00
M2_city_zone_counts,city,traffic_volume,Pune,233,negative_binomial,-83.9524866877739,-242.0308705241951,92.99713250819234,-0.0762475515532104,593.4932207601478,eta-squared >= 0.06 equivalent; interval reported for adjusted contrast.,2026-10-01T18:10:50+00:00
M2_city_zone_counts,zone,traffic_volume,Central,440,negative_binomial,-8.471171485128707,-111.6986653376431,111.49188053947293,-0.007693709978247745,593.4932207601478,eta-squared >= 0.06 equivalent; interval reported for adjusted contrast.,2026-10-01T18:10:50+00:00
M2_city_zone_counts,zone,traffic_volume,East,231,negative_binomial,-18.62397180740072,-188.91210176164398,152.6441623584096,-0.01691471338772297,593.4932207601478,eta-squared >= 0.06 equivalent; interval reported for adjusted contrast.,2026-10-01T18:10:50+00:00
M2_city_zone_counts,zone,traffic_volume,North,429,negative_binomial,27.61891965871655,-91.03470969002761,151.58753665507345,0.02508412893538087,593.4932207601478,eta-squared >= 0.06 equivalent; interval reported for adjusted contrast.,2026-10-01T18:10:50+00:00
M2_city_zone_counts,zone,traffic_volume,South,200,negative_binomial,-28.240940502694002,-219.3968911732868,195.26309518166312,-0.025649062366652885,593.4932207601478,eta-squared >= 0.06 equivalent; interval reported for adjusted contrast.,2026-10-01T18:10:50+00:00
M2_city_zone_counts,zone,traffic_volume,West,237,negative_binomial,7.7178249279149895,-167.5539468896908,171.60298380472142,0.007009503557153709,593.4932207601478,eta-squared >= 0.06 equivalent; interval reported for adjusted contrast.,2026-10-01T18:10:50+00:00
M1_city_zone_continuous,city,avg_speed_kmph,Bengaluru,211,huber,0.7760638916166229,-1.0556223201402235,2.461612210692037,0.0659055207169271,,eta-squared >= 0.06 equivalent; interval reported for adjusted contrast.,2026-10-01T18:10:50+00:00
M1_city_zone_continuous,city,avg_speed_kmph,Bhopal,192,huber,-0.057788569250554644,-1.5448987636076006,1.4777713871471998,-0.00490756726229115,,eta-squared >= 0.06 equivalent; interval reported for adjusted contrast.,2026-10-01T18:10:50+00:00
M1_city_zone_continuous,city,avg_speed_kmph,Delhi,213,huber,0.1197440544552677,-1.5189383888044905,1.8821162680295263,0.010169000705845303,,eta-squared >= 0.06 equivalent; interval reported for adjusted contrast.,2026-10-01T18:10:50+00:00
M1_city_zone_continuous,city,avg_speed_kmph,Indore,232,huber,-0.4838673817801151,-2.067589886673045,1.1154764522779355,-0.041091374175037824,,eta-squared >= 0.06 equivalent; interval reported for adjusted contrast.,2026-10-01T18:10:50+00:00
M1_city_zone_continuous,city,avg_speed_kmph,Jaipur,221,huber,0.08965222636413017,-1.5370955347939574,1.6166785356997244,0.007613518327275388,,eta-squared >= 0.06 equivalent; interval reported for adjusted contrast.,2026-10-01T18:10:50+00:00
M1_city_zone_continuous,city,avg_speed_kmph,Nagpur,222,huber,-0.46542973864308834,-2.196607541984432,1.3043826166929733,-0.03952559784545321,,eta-squared >= 0.06 equivalent; interval reported for adjusted contrast.,2026-10-01T18:10:50+00:00
M1_city_zone_continuous,city,avg_speed_kmph,Pune,230,huber,0.07656492648394675,-1.418908503510966,1.734246674625911,0.006502108142238516,,eta-squared >= 0.06 equivalent; interval reported for adjusted contrast.,2026-10-01T18:10:50+00:00
M1_city_zone_continuous,zone,avg_speed_kmph,Central,438,huber,0.49520439176740894,-0.6070250282001133,1.5178750366500509,0.04205414483690841,,eta-squared >= 0.06 equivalent; interval reported for adjusted contrast.,2026-10-01T18:10:50+00:00
M1_city_zone_continuous,zone,avg_speed_kmph,East,230,huber,-0.7900105710749443,-2.594893826754642,0.7933001448585221,-0.06708991182428557,,eta-squared >= 0.06 equivalent; interval reported for adjusted contrast.,2026-10-01T18:10:50+00:00
M1_city_zone_continuous,zone,avg_speed_kmph,North,422,huber,0.49045062902888503,-0.6567810674238914,1.6716034783572313,0.041650441981986884,,eta-squared >= 0.06 equivalent; interval reported for adjusted contrast.,2026-10-01T18:10:50+00:00
M1_city_zone_continuous,zone,avg_speed_kmph,South,201,huber,-0.9179284467343294,-2.892262454636725,0.8988169670236718,-0.07795305633520117,,eta-squared >= 0.06 equivalent; interval reported for adjusted contrast.,2026-10-01T18:10:50+00:00
M1_city_zone_continuous,zone,avg_speed_kmph,West,230,huber,-0.2507114778412287,-1.8711601388362777,1.5239787309264567,-0.02129112135653779,,eta-squared >= 0.06 equivalent; interval reported for adjusted contrast.,2026-10-01T18:10:50+00:00
M2_city_zone_counts,city,public_transport_usage,Bengaluru,219,negative_binomial,-25.10855693077565,-133.40234918795352,78.78062484404309,-0.03624565874956255,372.2283722494774,eta-squared >= 0.06 equivalent; interval reported for adjusted contrast.,2026-10-01T18:10:50+00:00
M2_city_zone_counts,city,public_transport_usage,Bhopal,199,negative_binomial,60.5787811839557,-52.718048678469465,193.69276651929766,0.08744898547183251,372.2283722494774,eta-squared >= 0.06 equivalent; interval reported for adjusted contrast.,2026-10-01T18:10:50+00:00
M2_city_zone_counts,city,public_transport_usage,Delhi,223,negative_binomial,-27.073488398480322,-134.76828352452833,84.6383790548832,-0.039082151330201695,372.2283722494774,eta-squared >= 0.06 equivalent; interval reported for adjusted contrast.,2026-10-01T18:10:50+00:00
M2_city_zone_counts,city,public_transport_usage,Indore,239,negative_binomial,-49.06891981546346,-148.57273672642947,67.76191801311604,-0.0708338327743949,372.2283722494774,eta-squared >= 0.06 equivalent; interval reported for adjusted contrast.,2026-10-01T18:10:50+00:00
M2_city_zone_counts,city,public_transport_usage,Jaipur,226,negative_binomial,-14.812640524652124,-117.41665492448992,93.00468484875724,-0.021382906039431094,372.2283722494774,eta-squared >= 0.06 equivalent; interval reported for adjusted contrast.,2026-10-01T18:10:50+00:00
M2_city_zone_counts,city,public_transport_usage,Nagpur,224,negative_binomial,10.514205704968617,-107.55906452854384,123.91377788205362,0.015177865978346512,372.2283722494774,eta-squared >= 0.06 equivalent; interval reported for adjusted contrast.,2026-10-01T18:10:50+00:00
M2_city_zone_counts,city,public_transport_usage,Pune,238,negative_binomial,51.2644157212103,-47.42731415324465,156.93308768186805,0.07400315849889416,372.2283722494774,eta-squared >= 0.06 equivalent; interval reported for adjusted contrast.,2026-10-01T18:10:50+00:00
M2_city_zone_counts,zone,public_transport_usage,Central,449,negative_binomial,-42.26124644414517,-109.70503301806441,30.20808411300211,-0.06100656127585465,372.2283722494774,eta-squared >= 0.06 equivalent; interval reported for adjusted contrast.,2026-10-01T18:10:50+00:00
M2_city_zone_counts,zone,public_transport_usage,East,237,negative_binomial,5.436107214318781,-91.57335421061501,120.17100107867162,0.007847336171467774,372.2283722494774,eta-squared >= 0.06 equivalent; interval reported for adjusted contrast.,2026-10-01T18:10:50+00:00
M2_city_zone_counts,zone,public_transport_usage,North,437,negative_binomial,47.06626085572407,-19.968662566051464,112.6562006947758,0.06794287837002222,372.2283722494774,eta-squared >= 0.06 equivalent; interval reported for adjusted contrast.,2026-10-01T18:10:50+00:00
M2_city_zone_counts,zone,public_transport_usage,South,207,negative_binomial,77.02994361674132,-32.85521423218355,197.68570047958136,0.11119719295409941,372.2283722494774,eta-squared >= 0.06 equivalent; interval reported for adjusted contrast.,2026-10-01T18:10:50+00:00
M2_city_zone_counts,zone,public_transport_usage,West,238,negative_binomial,-79.1017314243245,-179.46451491053043,21.04277307450247,-0.11418793886124957,372.2283722494774,eta-squared >= 0.06 equivalent; interval reported for adjusted contrast.,2026-10-01T18:10:50+00:00
M1_city_zone_continuous,city,parking_occupancy_pct,Bengaluru,219,huber,-0.5570728089682433,-3.3750637149858833,2.2983551106219564,-0.0274344791318335,,eta-squared >= 0.06 equivalent; interval reported for adjusted contrast.,2026-10-01T18:10:50+00:00
M1_city_zone_continuous,city,parking_occupancy_pct,Bhopal,199,huber,-0.6050526787890504,-3.7980447464624274,2.599557921977041,-0.029797370869064314,,eta-squared >= 0.06 equivalent; interval reported for adjusted contrast.,2026-10-01T18:10:50+00:00
M1_city_zone_continuous,city,parking_occupancy_pct,Delhi,223,huber,-0.5345523481928041,-3.4124942501884252,2.364295582787985,-0.026325401285568914,,eta-squared >= 0.06 equivalent; interval reported for adjusted contrast.,2026-10-01T18:10:50+00:00
M1_city_zone_continuous,city,parking_occupancy_pct,Indore,239,huber,0.5625567511072518,-2.254416497159215,3.566933536544114,0.027704549926441942,,eta-squared >= 0.06 equivalent; interval reported for adjusted contrast.,2026-10-01T18:10:50+00:00
M1_city_zone_continuous,city,parking_occupancy_pct,Jaipur,226,huber,0.02926275737613082,-2.756676381777948,2.79062361064053,0.0014411195334811846,,eta-squared >= 0.06 equivalent; interval reported for adjusted contrast.,2026-10-01T18:10:50+00:00
M1_city_zone_continuous,city,parking_occupancy_pct,Nagpur,224,huber,1.0394694855709474,-1.7891159802313124,4.070624354832055,0.051191340612892,,eta-squared >= 0.06 equivalent; interval reported for adjusted contrast.,2026-10-01T18:10:50+00:00
M1_city_zone_continuous,city,parking_occupancy_pct,Pune,238,huber,-0.051663905712089786,-2.872889432809658,2.690787550213969,-0.0025443215326780384,,eta-squared >= 0.06 equivalent; interval reported for adjusted contrast.,2026-10-01T18:10:50+00:00
M1_city_zone_continuous,zone,parking_occupancy_pct,Central,449,huber,-0.9508674645780104,-2.8251009490479975,0.8034339967595885,-0.04682790686269513,,eta-squared >= 0.06 equivalent; interval reported for adjusted contrast.,2026-10-01T18:10:50+00:00
M1_city_zone_continuous,zone,parking_occupancy_pct,East,237,huber,1.539425911565374,-1.503142565768685,4.473794278629188,0.07581297698601473,,eta-squared >= 0.06 equivalent; interval reported for adjusted contrast.,2026-10-01T18:10:50+00:00
M1_city_zone_continuous,zone,parking_occupancy_pct,North,437,huber,0.2291866319058613,-1.7691008968940105,2.128947051106924,0.011286883454178774,,eta-squared >= 0.06 equivalent; interval reported for adjusted contrast.,2026-10-01T18:10:50+00:00
M1_city_zone_continuous,zone,parking_occupancy_pct,South,207,huber,-0.2665213425238733,-3.3745901977651944,2.9339186868913765,-0.013125527026174191,,eta-squared >= 0.06 equivalent; interval reported for adjusted contrast.,2026-10-01T18:10:50+00:00
M1_city_zone_continuous,zone,parking_occupancy_pct,West,238,huber,0.07189458115178127,-2.7580247468296015,2.770252720132018,0.003540633027760815,,eta-squared >= 0.06 equivalent; interval reported for adjusted contrast.,2026-10-01T18:10:50+00:00
M2_city_zone_counts,city,road_incidents,Bengaluru,219,poisson,-0.07348974655174945,-0.2776393795042542,0.1631071117825181,-0.052579298711352036,0.9882347550821646,eta-squared >= 0.06 equivalent; interval reported for adjusted contrast.,2026-10-01T18:10:50+00:00
M2_city_zone_counts,city,road_incidents,Bhopal,199,poisson,-0.03062902183686389,-0.25674655536426777,0.19812909180050542,-0.021913975268141043,0.9882347550821646,eta-squared >= 0.06 equivalent; interval reported for adjusted contrast.,2026-10-01T18:10:50+00:00
M2_city_zone_counts,city,road_incidents,Delhi,223,poisson,0.00895090465217696,-0.19499614593448505,0.23536018214748997,0.006404053783370131,0.9882347550821646,eta-squared >= 0.06 equivalent; interval reported for adjusted contrast.,2026-10-01T18:10:50+00:00
M2_city_zone_counts,city,road_incidents,Indore,239,poisson,-0.1797887977262902,-0.3835873876914125,0.02879505147660773,-0.12863248744433758,0.9882347550821646,eta-squared >= 0.06 equivalent; interval reported for adjusted contrast.,2026-10-01T18:10:50+00:00
M2_city_zone_counts,city,road_incidents,Jaipur,226,poisson,0.1293919984597196,-0.09370401815121131,0.38863472397113097,0.09257537081151417,0.9882347550821646,eta-squared >= 0.06 equivalent; interval reported for adjusted contrast.,2026-10-01T18:10:50+00:00
M2_city_zone_counts,city,road_incidents,Nagpur,224,poisson,0.22146351920871843,0.004992511327929839,0.4628740582717419,0.15844926777564533,0.9882347550821646,eta-squared >= 0.06 equivalent; interval reported for adjusted contrast.,2026-10-01T18:10:50+00:00
M2_city_zone_counts,city,road_incidents,Pune,238,poisson,-0.06591394619803603,-0.26470474195751914,0.15239647319414298,-0.047159083123930315,0.9882347550821646,eta-squared >= 0.06 equivalent; interval reported for adjusted contrast.,2026-10-01T18:10:50+00:00
M2_city_zone_counts,zone,road_incidents,Central,449,poisson,-0.0037102178129391206,-0.13573499704252298,0.13959017129560386,-0.002654528826457918,0.9882347550821646,eta-squared >= 0.06 equivalent; interval reported for adjusted contrast.,2026-10-01T18:10:50+00:00
M2_city_zone_counts,zone,road_incidents,East,237,poisson,0.06442691251031607,-0.15440591685840754,0.3289849675986908,0.046095163432692654,0.9882347550821646,eta-squared >= 0.06 equivalent; interval reported for adjusted contrast.,2026-10-01T18:10:50+00:00
M2_city_zone_counts,zone,road_incidents,North,437,poisson,-0.0318888233879242,-0.17926512406338385,0.12195501475272252,-0.022815318451078554,0.9882347550821646,eta-squared >= 0.06 equivalent; interval reported for adjusted contrast.,2026-10-01T18:10:50+00:00
M2_city_zone_counts,zone,road_incidents,South,207,poisson,-0.06361476492922713,-0.2746247046270305,0.19519280703511316,-0.04551410073663739,0.9882347550821646,eta-squared >= 0.06 equivalent; interval reported for adjusted contrast.,2026-10-01T18:10:50+00:00
M2_city_zone_counts,zone,road_incidents,West,238,poisson,0.05672429283167024,-0.14577870367539644,0.27574960429394596,0.040584213130826136,0.9882347550821646,eta-squared >= 0.06 equivalent; interval reported for adjusted contrast.,2026-10-01T18:10:50+00:00
M2_city_zone_counts,city,waterlogging_reports,Bengaluru,219,poisson,0.15470612198483047,-0.008451875469627368,0.3334667998541252,0.15519349017792028,0.9654606542911818,eta-squared >= 0.06 equivalent; interval reported for adjusted contrast.,2026-10-01T18:10:50+00:00
M2_city_zone_counts,city,waterlogging_reports,Bhopal,199,poisson,0.005545754353469601,-0.14307353079074198,0.16692455781737303,0.005563225053684266,0.9654606542911818,eta-squared >= 0.06 equivalent; interval reported for adjusted contrast.,2026-10-01T18:10:50+00:00
M2_city_zone_counts,city,waterlogging_reports,Delhi,223,poisson,-0.06469903417296896,-0.22361264516318258,0.11672338189117978,-0.06490285449355476,0.9654606542911818,eta-squared >= 0.06 equivalent; interval reported for adjusted contrast.,2026-10-01T18:10:50+00:00
M2_city_zone_counts,city,waterlogging_reports,Indore,239,poisson,-0.07288091684228926,-0.2053906257067704,0.06907153777336844,-0.07311051241547309,0.9654606542911818,eta-squared >= 0.06 equivalent; interval reported for adjusted contrast.,2026-10-01T18:10:50+00:00
M2_city_zone_counts,city,waterlogging_reports,Jaipur,226,poisson,-0.01956766533911014,-0.16674431573112272,0.1415123522003319,-0.019629309038641584,0.9654606542911818,eta-squared >= 0.06 equivalent; interval reported for adjusted contrast.,2026-10-01T18:10:50+00:00
M2_city_zone_counts,city,waterlogging_reports,Nagpur,224,poisson,-0.05022764139793534,-0.21442240673811327,0.13221346787913452,-0.05038587272399543,0.9654606542911818,eta-squared >= 0.06 equivalent; interval reported for adjusted contrast.,2026-10-01T18:10:50+00:00
M2_city_zone_counts,city,waterlogging_reports,Pune,238,poisson,0.05267000821276224,-0.08803227937100587,0.2214275310898927,0.05283593368748389,0.9654606542911818,eta-squared >= 0.06 equivalent; interval reported for adjusted contrast.,2026-10-01T18:10:50+00:00
M2_city_zone_counts,zone,waterlogging_reports,Central,449,poisson,-0.013779788633696777,-0.11604492708473266,0.09482382606948261,-0.013823198878885539,0.9654606542911818,eta-squared >= 0.06 equivalent; interval reported for adjusted contrast.,2026-10-01T18:10:50+00:00
M2_city_zone_counts,zone,waterlogging_reports,East,237,poisson,-0.007661335205122466,-0.17075327946823055,0.17322881356128775,-0.0076854705854659915,0.9654606542911818,eta-squared >= 0.06 equivalent; interval reported for adjusted contrast.,2026-10-01T18:10:50+00:00
M2_city_zone_counts,zone,waterlogging_reports,North,437,poisson,0.023986829006390264,-0.06597533603851324,0.1300251586723229,0.024062394325724844,0.9654606542911818,eta-squared >= 0.06 equivalent; interval reported for adjusted contrast.,2026-10-01T18:10:50+00:00
M2_city_zone_counts,zone,waterlogging_reports,South,207,poisson,0.005999156891288715,-0.13330392374834632,0.16732656203173488,0.006018055938182647,0.9654606542911818,eta-squared >= 0.06 equivalent; interval reported for adjusted contrast.,2026-10-01T18:10:50+00:00
M2_city_zone_counts,zone,waterlogging_reports,West,238,poisson,-0.015635328622459976,-0.15094448483107512,0.14175217457848113,-0.015684584345254455,0.9654606542911818,eta-squared >= 0.06 equivalent; interval reported for adjusted contrast.,2026-10-01T18:10:50+00:00
M1_city_zone_continuous,city,power_outage_minutes,Bengaluru,219,huber,-0.01889371731678935,-1.2589791872377682,1.2663394448211962,-0.001535730936543335,,eta-squared >= 0.06 equivalent; interval reported for adjusted contrast.,2026-10-01T18:10:50+00:00
M1_city_zone_continuous,city,power_outage_minutes,Bhopal,199,huber,-0.3664957374072664,-1.870071739561514,1.132855437145671,-0.02978973553009873,,eta-squared >= 0.06 equivalent; interval reported for adjusted contrast.,2026-10-01T18:10:50+00:00
M1_city_zone_continuous,city,power_outage_minutes,Delhi,223,huber,-0.9075634123084146,-2.154716345275123,0.4074986925128204,-0.07376913636356412,,eta-squared >= 0.06 equivalent; interval reported for adjusted contrast.,2026-10-01T18:10:50+00:00
M1_city_zone_continuous,city,power_outage_minutes,Indore,239,huber,0.8990761674633774,-0.3298406773730288,2.1821382959360727,0.0730792708248774,,eta-squared >= 0.06 equivalent; interval reported for adjusted contrast.,2026-10-01T18:10:50+00:00
M1_city_zone_continuous,city,power_outage_minutes,Jaipur,226,huber,-0.3091017653963064,-1.5032003546423307,1.0461310000698216,-0.02512460283490333,,eta-squared >= 0.06 equivalent; interval reported for adjusted contrast.,2026-10-01T18:10:50+00:00
M1_city_zone_continuous,city,power_outage_minutes,Nagpur,224,huber,0.0024080909728532163,-1.2167390165001233,1.2722934122832523,0.00019573595513335755,,eta-squared >= 0.06 equivalent; interval reported for adjusted contrast.,2026-10-01T18:10:50+00:00
M1_city_zone_continuous,city,power_outage_minutes,Pune,238,huber,0.5625857115928508,-0.6685469633537723,1.8342302138377433,0.045728443337227045,,eta-squared >= 0.06 equivalent; interval reported for adjusted contrast.,2026-10-01T18:10:50+00:00
M1_city_zone_continuous,zone,power_outage_minutes,Central,449,huber,0.5373930167945566,-0.3099858433265636,1.334756457321634,0.043680714977162374,,eta-squared >= 0.06 equivalent; interval reported for adjusted contrast.,2026-10-01T18:10:50+00:00
M1_city_zone_continuous,zone,power_outage_minutes,East,237,huber,-0.8991399321615337,-2.029303807870855,0.3480941960150774,-0.07308445378691585,,eta-squared >= 0.06 equivalent; interval reported for adjusted contrast.,2026-10-01T18:10:50+00:00
M1_city_zone_continuous,zone,power_outage_minutes,North,437,huber,-0.04344867218238058,-0.8436384894858433,0.7341727716813903,-0.0035316221209109565,,eta-squared >= 0.06 equivalent; interval reported for adjusted contrast.,2026-10-01T18:10:50+00:00
M1_city_zone_continuous,zone,power_outage_minutes,South,207,huber,-0.17341086892563773,-1.5936735931579291,1.129778805607412,-0.014095290602517503,,eta-squared >= 0.06 equivalent; interval reported for adjusted contrast.,2026-10-01T18:10:50+00:00
M1_city_zone_continuous,zone,power_outage_minutes,West,238,huber,0.1121420966085509,-1.1201797331661767,1.3581298979407685,0.009115203967699076,,eta-squared >= 0.06 equivalent; interval reported for adjusted contrast.,2026-10-01T18:10:50+00:00
M2_city_zone_counts,city,citizen_complaints,Bengaluru,219,poisson,0.034218390034399526,-0.4128456230919154,0.4892656834224057,0.01215547686316005,0.9905899543113715,eta-squared >= 0.06 equivalent; interval reported for adjusted contrast.,2026-10-01T18:10:50+00:00
M2_city_zone_counts,city,citizen_complaints,Bhopal,199,poisson,-0.06908782662627466,-0.533721444191886,0.4316639310838967,-0.02454222648223524,0.9905899543113715,eta-squared >= 0.06 equivalent; interval reported for adjusted contrast.,2026-10-01T18:10:50+00:00
M2_city_zone_counts,city,citizen_complaints,Delhi,223,poisson,0.09375852137993856,-0.3754809016445022,0.5679999396403174,0.03330605373929713,0.9905899543113715,eta-squared >= 0.06 equivalent; interval reported for adjusted contrast.,2026-10-01T18:10:50+00:00
M2_city_zone_counts,city,citizen_complaints,Indore,239,poisson,-0.3219904378113716,-0.6986413181193212,0.10140630099202236,-0.11438139880456785,0.9905899543113715,eta-squared >= 0.06 equivalent; interval reported for adjusted contrast.,2026-10-01T18:10:50+00:00
M2_city_zone_counts,city,citizen_complaints,Jaipur,226,poisson,0.24965943773010135,-0.2238346995963382,0.7251323940690761,0.08868709240694843,0.9905899543113715,eta-squared >= 0.06 equivalent; interval reported for adjusted contrast.,2026-10-01T18:10:50+00:00
M2_city_zone_counts,city,citizen_complaints,Nagpur,224,poisson,0.08529535824777934,-0.35729067176996065,0.5507646616325296,0.030299664965930173,0.9905899543113715,eta-squared >= 0.06 equivalent; interval reported for adjusted contrast.,2026-10-01T18:10:50+00:00
M2_city_zone_counts,city,citizen_complaints,Pune,238,poisson,-0.0555755408580616,-0.5099251001261838,0.4086151154385713,-0.01974222634024133,0.9905899543113715,eta-squared >= 0.06 equivalent; interval reported for adjusted contrast.,2026-10-01T18:10:50+00:00
M2_city_zone_counts,zone,citizen_complaints,Central,449,poisson,0.0035213215708802537,-0.2841121750274593,0.2916457513162276,0.0012508871060137956,0.9905899543113715,eta-squared >= 0.06 equivalent; interval reported for adjusted contrast.,2026-10-01T18:10:50+00:00
M2_city_zone_counts,zone,citizen_complaints,East,237,poisson,-0.04702160429812263,-0.4393225213873895,0.3982068399500103,-0.01670359191475406,0.9905899543113715,eta-squared >= 0.06 equivalent; interval reported for adjusted contrast.,2026-10-01T18:10:50+00:00
M2_city_zone_counts,zone,citizen_complaints,North,437,poisson,0.038435799088655465,-0.24020144372043392,0.3185777600151192,0.01365363671609158,0.9905899543113715,eta-squared >= 0.06 equivalent; interval reported for adjusted contrast.,2026-10-01T18:10:50+00:00
M2_city_zone_counts,zone,citizen_complaints,South,207,poisson,0.27195702815160505,-0.24676306043220494,0.7741986331359006,0.0966079163907868,0.9905899543113715,eta-squared >= 0.06 equivalent; interval reported for adjusted contrast.,2026-10-01T18:10:50+00:00
M2_city_zone_counts,zone,citizen_complaints,West,238,poisson,-0.2669264798142672,-0.705862667959418,0.15998004963540782,-0.09482090321272535,0.9905899543113715,eta-squared >= 0.06 equivalent; interval reported for adjusted contrast.,2026-10-01T18:10:50+00:00
M1_city_zone_continuous,city,temperature_c,Bengaluru,182,huber,-0.901867498170656,-1.8625915604234513,0.005709222808872743,-0.1551835338919471,,eta-squared >= 0.06 equivalent; interval reported for adjusted contrast.,2026-10-01T18:10:50+00:00
M1_city_zone_continuous,city,temperature_c,Bhopal,171,huber,0.34705335062855625,-0.5048728565460201,1.1839573213439085,0.059717159681243186,,eta-squared >= 0.06 equivalent; interval reported for adjusted contrast.,2026-10-01T18:10:50+00:00
M1_city_zone_continuous,city,temperature_c,Delhi,193,huber,0.8346935978437848,-0.14138447322668588,1.8126559480283961,0.14362498093469578,,eta-squared >= 0.06 equivalent; interval reported for adjusted contrast.,2026-10-01T18:10:50+00:00
M1_city_zone_continuous,city,temperature_c,Indore,192,huber,-0.6166370425134176,-1.4900193672342776,0.3331922828527275,-0.10610418446169977,,eta-squared >= 0.06 equivalent; interval reported for adjusted contrast.,2026-10-01T18:10:50+00:00
M1_city_zone_continuous,city,temperature_c,Jaipur,192,huber,-0.4194997829343414,-1.2668560387981627,0.3718652151023101,-0.0721829525010085,,eta-squared >= 0.06 equivalent; interval reported for adjusted contrast.,2026-10-01T18:10:50+00:00
M1_city_zone_continuous,city,temperature_c,Nagpur,174,huber,0.9282072500931768,0.048136828901133626,1.7653798508563505,0.15971579145025258,,eta-squared >= 0.06 equivalent; interval reported for adjusted contrast.,2026-10-01T18:10:50+00:00
M1_city_zone_continuous,city,temperature_c,Pune,196,huber,-0.09628517196184205,-0.9739766066890407,0.7414440655672285,-0.016567703433975057,,eta-squared >= 0.06 equivalent; interval reported for adjusted contrast.,2026-10-01T18:10:50+00:00
M1_city_zone_continuous,zone,temperature_c,Central,376,huber,-0.5524099772473399,-1.1688211468337442,0.07513215478042508,-0.0950526907780759,,eta-squared >= 0.06 equivalent; interval reported for adjusted contrast.,2026-10-01T18:10:50+00:00
M1_city_zone_continuous,zone,temperature_c,East,207,huber,0.3903657874782134,-0.44948690209399245,1.2231191499657341,0.06716989195669962,,eta-squared >= 0.06 equivalent; interval reported for adjusted contrast.,2026-10-01T18:10:50+00:00
M1_city_zone_continuous,zone,temperature_c,North,358,huber,0.21521846763740626,-0.3533440217986467,0.752527984961395,0.03703244926170136,,eta-squared >= 0.06 equivalent; interval reported for adjusted contrast.,2026-10-01T18:10:50+00:00
M1_city_zone_continuous,zone,temperature_c,South,172,huber,0.1462746648782165,-0.7859125710003253,1.100450819783602,0.02516935077570188,,eta-squared >= 0.06 equivalent; interval reported for adjusted contrast.,2026-10-01T18:10:50+00:00
M1_city_zone_continuous,zone,temperature_c,West,187,huber,0.1320480195923288,-0.7297318006727396,1.0769571516958019,0.02272138464390377,,eta-squared >= 0.06 equivalent; interval reported for adjusted contrast.,2026-10-01T18:10:50+00:00
