dimension,group_value,metric,n_observed,mean,median,std_dev,min_value,q1,q3,max_value,ci99_lower,ci99_upper,exclusion_rule
overall,ALL,traffic_volume,1568,2050.9489795918366,2008.5,1100.071279212412,214.0,1080.75,3015.25,3999.0,1980.424642857143,2119.728539540816,missing excluded; avg_speed_kmph additionally excludes values outside 0-120
overall,ALL,avg_speed_kmph,1551,38.16292714377821,37.9,11.777547209203245,3.0,30.5,46.0,85.1,37.42539555125725,38.90369116698904,missing excluded; avg_speed_kmph additionally excludes values outside 0-120
overall,ALL,public_transport_usage,1600,1298.6725,1305.0,694.0211811383483,100.0,698.25,1889.5,2498.0,1256.2288562499998,1341.633853125,missing excluded; avg_speed_kmph additionally excludes values outside 0-120
overall,ALL,parking_occupancy_pct,1600,68.1373125,67.9,20.316689418934242,5.0,53.85,82.1,110.0,66.82612124999999,69.4220615625,missing excluded; avg_speed_kmph additionally excludes values outside 0-120
overall,ALL,road_incidents,1600,1.959375,2.0,1.394700811409329,0.0,1.0,3.0,8.0,1.8706218749999999,2.049375,missing excluded; avg_speed_kmph additionally excludes values outside 0-120
overall,ALL,waterlogging_reports,1600,1.02125,1.0,0.9956997909993367,0.0,0.0,2.0,6.0,0.956875,1.088125,missing excluded; avg_speed_kmph additionally excludes values outside 0-120
overall,ALL,power_outage_minutes,1600,11.875062499999999,8.0,12.360906292575288,0.0,3.3,16.525,127.2,11.096186249999999,12.690001562499999,missing excluded; avg_speed_kmph additionally excludes values outside 0-120
overall,ALL,citizen_complaints,1600,7.953125,8.0,2.7970193613366905,1.0,6.0,10.0,17.0,7.778125,8.128128125,missing excluded; avg_speed_kmph additionally excludes values outside 0-120
overall,ALL,temperature_c,1568,28.931823979591837,28.95,7.046634791951494,6.4,24.075000000000003,33.425,53.8,28.49595599489796,29.41869706632653,missing excluded; avg_speed_kmph additionally excludes values outside 0-120
city,Bengaluru,traffic_volume,217,2110.2718894009217,2030.0,1125.7455779568795,214.0,1183.0,3152.0,3989.0,1909.0911981566821,2300.738294930876,missing excluded; avg_speed_kmph additionally excludes values outside 0-120
city,Bengaluru,avg_speed_kmph,215,38.786511627906975,39.5,11.167771321041176,3.9,30.75,46.85,68.7,36.83102558139535,40.77869069767442,missing excluded; avg_speed_kmph additionally excludes values outside 0-120
city,Bengaluru,public_transport_usage,223,1268.1973094170403,1248.0,707.5884349860881,120.0,687.5,1833.0,2498.0,1147.7051569506727,1388.0650672645743,missing excluded; avg_speed_kmph additionally excludes values outside 0-120
city,Bengaluru,parking_occupancy_pct,223,67.41255605381167,67.0,20.21662023007924,5.0,54.0,79.9,110.0,63.79993721973094,70.98211210762332,missing excluded; avg_speed_kmph additionally excludes values outside 0-120
city,Bengaluru,road_incidents,223,1.883408071748879,2.0,1.3506231625890106,0.0,1.0,3.0,6.0,1.6591928251121075,2.116591928251121,missing excluded; avg_speed_kmph additionally excludes values outside 0-120
city,Bengaluru,waterlogging_reports,223,1.1838565022421526,1.0,1.0727204689670389,0.0,0.0,2.0,6.0,1.0089461883408073,1.3677130044843049,missing excluded; avg_speed_kmph additionally excludes values outside 0-120
city,Bengaluru,power_outage_minutes,223,11.973991031390133,7.6,12.427427010770463,0.0,2.95,17.45,87.0,10.029977578475336,14.262585201793728,missing excluded; avg_speed_kmph additionally excludes values outside 0-120
city,Bengaluru,citizen_complaints,223,8.008968609865471,8.0,2.614910522283843,2.0,6.0,10.0,17.0,7.569506726457399,8.452959641255607,missing excluded; avg_speed_kmph additionally excludes values outside 0-120
city,Bengaluru,temperature_c,219,28.805479452054797,28.9,7.460659335996172,10.4,23.5,33.6,49.1,27.51313698630137,30.09276255707763,missing excluded; avg_speed_kmph additionally excludes values outside 0-120
city,Bhopal,traffic_volume,198,2184.2323232323233,2253.0,1079.327745543567,217.0,1288.0,3034.0,3973.0,1984.0722474747474,2379.561818181818,missing excluded; avg_speed_kmph additionally excludes values outside 0-120
city,Bhopal,avg_speed_kmph,197,37.723350253807105,37.6,11.384309957495404,3.0,30.9,45.4,68.0,35.621251269035525,39.7914771573604,missing excluded; avg_speed_kmph additionally excludes values outside 0-120
city,Bhopal,public_transport_usage,204,1369.078431372549,1449.0,713.2769957288339,142.0,729.0,1965.5,2486.0,1242.892549019608,1499.1366911764708,missing excluded; avg_speed_kmph additionally excludes values outside 0-120
city,Bhopal,parking_occupancy_pct,204,67.5156862745098,68.55,20.175604666642293,7.1,52.375,81.375,110.0,63.843884803921576,71.19027696078432,missing excluded; avg_speed_kmph additionally excludes values outside 0-120
city,Bhopal,road_incidents,204,1.946078431372549,2.0,1.3580753962853302,0.0,1.0,3.0,6.0,1.7107598039215686,2.196102941176471,missing excluded; avg_speed_kmph additionally excludes values outside 0-120
city,Bhopal,waterlogging_reports,204,1.0196078431372548,1.0,0.9824107490953986,0.0,0.0,2.0,4.0,0.8431372549019608,1.196078431372549,missing excluded; avg_speed_kmph additionally excludes values outside 0-120
city,Bhopal,power_outage_minutes,204,11.669607843137255,7.95,13.802778967824487,0.0,3.075,15.875,127.2,9.513674019607842,14.338343137254904,missing excluded; avg_speed_kmph additionally excludes values outside 0-120
city,Bhopal,citizen_complaints,204,7.901960784313726,8.0,2.8475546640858393,2.0,6.0,10.0,17.0,7.387254901960785,8.392156862745098,missing excluded; avg_speed_kmph additionally excludes values outside 0-120
city,Bhopal,temperature_c,200,28.9345,29.25,6.310664161623879,7.7,24.5,33.0,46.7,27.7329625,30.006147500000004,missing excluded; avg_speed_kmph additionally excludes values outside 0-120
city,Delhi,traffic_volume,228,1926.6842105263158,1674.0,1118.6514758884034,216.0,1000.0,2929.5,3999.0,1743.8024122807017,2118.841644736842,missing excluded; avg_speed_kmph additionally excludes values outside 0-120
city,Delhi,avg_speed_kmph,221,38.13665158371041,38.5,11.811530022161309,6.7,30.0,46.3,67.7,36.09552036199095,40.162927601809955,missing excluded; avg_speed_kmph additionally excludes values outside 0-120
city,Delhi,public_transport_usage,231,1267.7878787878788,1262.0,683.4190407383611,113.0,696.0,1850.0,2482.0,1155.5484199134198,1383.8565367965368,missing excluded; avg_speed_kmph additionally excludes values outside 0-120
city,Delhi,parking_occupancy_pct,231,67.37878787878789,65.4,21.250623117268827,5.0,53.25,83.9,110.0,63.74074675324675,70.91580086580088,missing excluded; avg_speed_kmph additionally excludes values outside 0-120
city,Delhi,road_incidents,231,1.9610389610389611,2.0,1.3715262058225668,0.0,1.0,3.0,7.0,1.7359090909090908,2.1904761904761907,missing excluded; avg_speed_kmph additionally excludes values outside 0-120
city,Delhi,waterlogging_reports,231,0.9567099567099567,1.0,0.9903163736185293,0.0,0.0,1.0,4.0,0.8008441558441558,1.1212337662337666,missing excluded; avg_speed_kmph additionally excludes values outside 0-120
city,Delhi,power_outage_minutes,231,10.738095238095237,7.3,11.502129247477306,0.0,3.25,14.149999999999999,72.0,8.91189393939394,12.68800865800866,missing excluded; avg_speed_kmph additionally excludes values outside 0-120
city,Delhi,citizen_complaints,231,8.030303030303031,8.0,2.667671088835385,3.0,6.0,10.0,16.0,7.61465367965368,8.458874458874458,missing excluded; avg_speed_kmph additionally excludes values outside 0-120
city,Delhi,temperature_c,229,29.3589519650655,29.5,7.16228981457979,12.9,24.5,34.5,46.8,28.085984716157203,30.599270742358083,missing excluded; avg_speed_kmph additionally excludes values outside 0-120
city,Indore,traffic_volume,236,2014.9957627118645,1946.5,1100.489189088706,217.0,1128.5,2970.75,3999.0,1828.2818008474578,2191.421758474577,missing excluded; avg_speed_kmph additionally excludes values outside 0-120
city,Indore,avg_speed_kmph,233,38.06738197424893,36.4,12.695782646048574,3.0,29.8,46.8,85.1,36.008843347639484,40.2653669527897,missing excluded; avg_speed_kmph additionally excludes values outside 0-120
city,Indore,public_transport_usage,240,1257.4958333333334,1294.0,711.1610460756197,100.0,589.5,1839.0,2478.0,1143.6759791666668,1374.601354166667,missing excluded; avg_speed_kmph additionally excludes values outside 0-120
city,Indore,parking_occupancy_pct,240,68.70083333333332,68.94999999999999,20.815282428212406,6.5,53.5,82.575,110.0,65.26623333333333,72.32673333333332,missing excluded; avg_speed_kmph additionally excludes values outside 0-120
city,Indore,road_incidents,240,1.7958333333333334,2.0,1.4038140415736646,0.0,1.0,3.0,6.0,1.5708125,2.045854166666667,missing excluded; avg_speed_kmph additionally excludes values outside 0-120
city,Indore,waterlogging_reports,240,0.95,1.0,0.9134055087588219,0.0,0.0,1.25,5.0,0.8041666666666667,1.100020833333334,missing excluded; avg_speed_kmph additionally excludes values outside 0-120
city,Indore,power_outage_minutes,240,12.276666666666666,8.649999999999999,11.236921609250494,0.0,3.6500000000000004,18.225,67.6,10.529860416666667,14.256377083333335,missing excluded; avg_speed_kmph additionally excludes values outside 0-120
city,Indore,citizen_complaints,240,7.6375,8.0,2.690026908764014,1.0,6.0,9.0,17.0,7.212458333333334,8.108333333333333,missing excluded; avg_speed_kmph additionally excludes values outside 0-120
city,Indore,temperature_c,235,28.7068085106383,28.0,7.501557988144857,10.1,23.3,33.1,53.8,27.414882978723405,30.01115531914894,missing excluded; avg_speed_kmph additionally excludes values outside 0-120
city,Jaipur,traffic_volume,227,2105.541850220264,2158.0,1081.3377047194317,222.0,1069.5,3106.5,3993.0,1916.484295154185,2284.8450000000003,missing excluded; avg_speed_kmph additionally excludes values outside 0-120
city,Jaipur,avg_speed_kmph,224,38.21696428571429,38.3,12.052113212859384,5.8,30.6,45.8,74.8,36.243296875,40.33457142857144,missing excluded; avg_speed_kmph additionally excludes values outside 0-120
city,Jaipur,public_transport_usage,231,1281.2727272727273,1275.0,677.5051927225413,142.0,677.0,1797.5,2493.0,1172.266406926407,1398.9885064935065,missing excluded; avg_speed_kmph additionally excludes values outside 0-120
city,Jaipur,parking_occupancy_pct,231,68.191341991342,67.4,19.447535071703616,5.0,56.7,82.5,110.0,64.86153463203463,71.39562121212124,missing excluded; avg_speed_kmph additionally excludes values outside 0-120
city,Jaipur,road_incidents,231,2.0735930735930737,2.0,1.4740493144793472,0.0,1.0,3.0,7.0,1.8181818181818181,2.341991341991342,missing excluded; avg_speed_kmph additionally excludes values outside 0-120
city,Jaipur,waterlogging_reports,231,1.0086580086580086,1.0,0.9463492414966237,0.0,0.0,2.0,4.0,0.8484848484848485,1.1645021645021645,missing excluded; avg_speed_kmph additionally excludes values outside 0-120
city,Jaipur,power_outage_minutes,231,11.990909090909092,7.7,12.998861306165127,0.0,3.2,15.149999999999999,86.3,9.941519480519482,14.206647186147189,missing excluded; avg_speed_kmph additionally excludes values outside 0-120
city,Jaipur,citizen_complaints,231,8.134199134199134,8.0,2.9287479346165974,1.0,6.0,10.0,17.0,7.662294372294372,8.61038961038961,missing excluded; avg_speed_kmph additionally excludes values outside 0-120
city,Jaipur,temperature_c,227,28.67180616740088,28.6,7.135074637742515,6.4,23.700000000000003,33.05,50.3,27.40038105726872,29.905792951541855,missing excluded; avg_speed_kmph additionally excludes values outside 0-120
city,Nagpur,traffic_volume,225,2073.5466666666666,2023.0,1079.1132598110357,217.0,1116.0,2940.0,3993.0,1889.0443777777778,2251.964066666667,missing excluded; avg_speed_kmph additionally excludes values outside 0-120
city,Nagpur,avg_speed_kmph,227,37.68017621145375,36.6,11.503043228147721,8.3,29.9,45.25,73.5,35.67879074889867,39.653303964757704,missing excluded; avg_speed_kmph additionally excludes values outside 0-120
city,Nagpur,public_transport_usage,229,1311.4323144104803,1309.0,697.0830710170542,109.0,721.0,1898.0,2493.0,1189.6076419213973,1429.2803930131006,missing excluded; avg_speed_kmph additionally excludes values outside 0-120
city,Nagpur,parking_occupancy_pct,229,69.51310043668123,69.9,19.938803380780204,15.2,55.9,83.2,110.0,66.0252270742358,72.80524890829695,missing excluded; avg_speed_kmph additionally excludes values outside 0-120
city,Nagpur,road_incidents,229,2.148471615720524,2.0,1.4218717048398326,0.0,1.0,3.0,7.0,1.930109170305677,2.4105240174672495,missing excluded; avg_speed_kmph additionally excludes values outside 0-120
city,Nagpur,waterlogging_reports,229,0.9781659388646288,1.0,1.0193109766309616,0.0,0.0,2.0,4.0,0.8078602620087336,1.1615720524017468,missing excluded; avg_speed_kmph additionally excludes values outside 0-120
city,Nagpur,power_outage_minutes,229,11.980786026200875,8.2,12.387248582701021,0.1,3.5,16.3,92.0,10.08340611353712,14.218810043668125,missing excluded; avg_speed_kmph additionally excludes values outside 0-120
city,Nagpur,citizen_complaints,229,8.069868995633188,8.0,2.8859019813431774,1.0,6.0,10.0,16.0,7.5981877729257645,8.554606986899563,missing excluded; avg_speed_kmph additionally excludes values outside 0-120
city,Nagpur,temperature_c,223,29.338116591928248,29.9,7.0585536918393785,12.1,24.35,33.4,45.8,28.092195067264576,30.591540358744393,missing excluded; avg_speed_kmph additionally excludes values outside 0-120
city,Pune,traffic_volume,237,1966.886075949367,1932.0,1106.1066433476665,214.0,966.0,2868.0,3980.0,1781.6030801687764,2144.6782911392406,missing excluded; avg_speed_kmph additionally excludes values outside 0-120
city,Pune,avg_speed_kmph,234,38.4965811965812,37.55,11.778163629200073,7.5,30.65,45.675000000000004,76.8,36.52192307692308,40.534260683760685,missing excluded; avg_speed_kmph additionally excludes values outside 0-120
city,Pune,public_transport_usage,242,1342.2561983471073,1341.0,671.524413424033,113.0,792.5,1943.25,2491.0,1231.6319834710744,1455.2493595041328,missing excluded; avg_speed_kmph additionally excludes values outside 0-120
city,Pune,parking_occupancy_pct,242,68.1409090909091,68.2,20.447457714125594,18.4,52.425,80.725,110.0,64.47752272727273,71.52275826446281,missing excluded; avg_speed_kmph additionally excludes values outside 0-120
city,Pune,road_incidents,242,1.9132231404958677,2.0,1.3621707199663575,0.0,1.0,3.0,8.0,1.7066115702479339,2.1405165289256205,missing excluded; avg_speed_kmph additionally excludes values outside 0-120
city,Pune,waterlogging_reports,242,1.0578512396694215,1.0,1.0330434483410087,0.0,0.0,1.0,5.0,0.8925619834710744,1.2396694214876034,missing excluded; avg_speed_kmph additionally excludes values outside 0-120
city,Pune,power_outage_minutes,242,12.433471074380165,8.05,12.301381173389382,0.0,3.4,17.875,62.5,10.55892355371901,14.429349173553721,missing excluded; avg_speed_kmph additionally excludes values outside 0-120
city,Pune,citizen_complaints,242,7.900826446280992,8.0,2.930466544583686,1.0,6.0,10.0,17.0,7.409090909090909,8.384297520661157,missing excluded; avg_speed_kmph additionally excludes values outside 0-120
city,Pune,temperature_c,235,28.721702127659576,29.3,6.602336843212013,11.2,24.55,33.150000000000006,48.1,27.622519148936167,29.830251063829788,missing excluded; avg_speed_kmph additionally excludes values outside 0-120
zone,Central,traffic_volume,440,2044.384090909091,2012.0,1082.7462532602262,217.0,1079.5,2984.25,3979.0,1918.76375,2170.6930340909094,missing excluded; avg_speed_kmph additionally excludes values outside 0-120
zone,Central,avg_speed_kmph,438,38.54748858447489,38.5,11.459648861582185,8.4,30.725,46.575,72.2,37.134952054794525,39.913945205479465,missing excluded; avg_speed_kmph additionally excludes values outside 0-120
zone,Central,public_transport_usage,449,1255.2761692650333,1256.0,708.8672297780099,109.0,633.0,1862.0,2486.0,1170.0303674832962,1341.454543429844,missing excluded; avg_speed_kmph additionally excludes values outside 0-120
zone,Central,parking_occupancy_pct,449,67.05211581291759,68.6,19.96083668320795,5.0,53.5,80.8,110.0,64.59173496659243,69.48540089086859,missing excluded; avg_speed_kmph additionally excludes values outside 0-120
zone,Central,road_incidents,449,1.9599109131403119,2.0,1.3993608206361683,0.0,1.0,3.0,7.0,1.7884075723830735,2.120278396436526,missing excluded; avg_speed_kmph additionally excludes values outside 0-120
zone,Central,waterlogging_reports,449,1.0111358574610245,1.0,1.0121409424112446,0.0,0.0,2.0,5.0,0.8930846325167038,1.1336414253897553,missing excluded; avg_speed_kmph additionally excludes values outside 0-120
zone,Central,power_outage_minutes,449,12.638530066815145,8.2,12.653710585613748,0.0,3.8,17.5,72.2,11.201462138084633,14.312551224944324,missing excluded; avg_speed_kmph additionally excludes values outside 0-120
zone,Central,citizen_complaints,449,7.9621380846325165,8.0,2.8450914604613455,1.0,6.0,10.0,17.0,7.621380846325167,8.309587973273942,missing excluded; avg_speed_kmph additionally excludes values outside 0-120
zone,Central,temperature_c,440,28.46681818181818,28.3,7.025465482913206,10.1,23.3,33.3,48.9,27.63317727272727,29.33342272727273,missing excluded; avg_speed_kmph additionally excludes values outside 0-120
zone,East,traffic_volume,231,2021.125541125541,1974.0,1069.7646863543878,217.0,1112.0,2810.5,3996.0,1844.3534632034632,2201.405194805195,missing excluded; avg_speed_kmph additionally excludes values outside 0-120
zone,East,avg_speed_kmph,230,36.961739130434786,37.400000000000006,12.185714183009155,3.0,29.45,46.45,68.7,34.96115869565217,38.906586956521735,missing excluded; avg_speed_kmph additionally excludes values outside 0-120
zone,East,public_transport_usage,237,1294.2700421940929,1305.0,667.3621190588054,104.0,736.0,1795.0,2498.0,1178.2187130801688,1405.199430379747,missing excluded; avg_speed_kmph additionally excludes values outside 0-120
zone,East,parking_occupancy_pct,237,69.51097046413503,67.7,21.077545634784236,10.8,56.4,85.5,110.0,65.92147468354432,73.24243248945149,missing excluded; avg_speed_kmph additionally excludes values outside 0-120
zone,East,road_incidents,237,2.0337552742616034,2.0,1.5094756607391897,0.0,1.0,3.0,8.0,1.7890084388185654,2.2869198312236287,missing excluded; avg_speed_kmph additionally excludes values outside 0-120
zone,East,waterlogging_reports,237,1.0084388185654007,1.0,1.053611871665203,0.0,0.0,2.0,6.0,0.8396624472573839,1.1856540084388185,missing excluded; avg_speed_kmph additionally excludes values outside 0-120
zone,East,power_outage_minutes,237,10.914767932489452,7.1,11.694768914651666,0.1,2.7,14.2,87.0,8.963670886075949,12.944343881856538,missing excluded; avg_speed_kmph additionally excludes values outside 0-120
zone,East,citizen_complaints,237,7.928270042194093,8.0,2.7920745815864407,1.0,6.0,10.0,17.0,7.468333333333333,8.38396624472574,missing excluded; avg_speed_kmph additionally excludes values outside 0-120
zone,East,temperature_c,235,29.195744680851064,29.5,6.47658364116679,11.5,24.4,33.8,45.2,28.051474468085107,30.201772340425535,missing excluded; avg_speed_kmph additionally excludes values outside 0-120
zone,North,traffic_volume,429,2079.2913752913755,2003.0,1135.091023747345,214.0,1116.0,3149.0,3999.0,1939.8949533799532,2225.6716083916085,missing excluded; avg_speed_kmph additionally excludes values outside 0-120
zone,North,avg_speed_kmph,422,38.69170616113744,38.95,11.804592786658157,3.0,31.2,46.275,76.8,37.15391469194312,40.148656398104265,missing excluded; avg_speed_kmph additionally excludes values outside 0-120
zone,North,public_transport_usage,437,1346.9542334096109,1378.0,689.2890218905131,100.0,745.0,1916.0,2493.0,1263.510709382151,1434.2616132723113,missing excluded; avg_speed_kmph additionally excludes values outside 0-120
zone,North,parking_occupancy_pct,437,68.43226544622426,67.9,20.691701293629517,5.0,53.0,83.4,110.0,66.05854919908467,70.89866704805492,missing excluded; avg_speed_kmph additionally excludes values outside 0-120
zone,North,road_incidents,437,1.9473684210526316,2.0,1.3339166597801435,0.0,1.0,3.0,7.0,1.7803203661327232,2.1189931350114417,missing excluded; avg_speed_kmph additionally excludes values outside 0-120
zone,North,waterlogging_reports,437,1.0411899313501145,1.0,0.996851213714319,0.0,0.0,2.0,4.0,0.9175972540045767,1.1670709382151034,missing excluded; avg_speed_kmph additionally excludes values outside 0-120
zone,North,power_outage_minutes,437,11.263386727688788,8.2,11.06969727129339,0.0,3.4,15.6,92.0,9.934543478260869,12.662344393592678,missing excluded; avg_speed_kmph additionally excludes values outside 0-120
zone,North,citizen_complaints,437,7.9862700228832955,8.0,2.756941872175298,1.0,6.0,10.0,17.0,7.645308924485126,8.334141876430206,missing excluded; avg_speed_kmph additionally excludes values outside 0-120
zone,North,temperature_c,429,29.05058275058275,29.2,7.2574699439068375,7.7,24.3,33.5,53.8,28.125120046620047,29.982991841491845,missing excluded; avg_speed_kmph additionally excludes values outside 0-120
zone,South,traffic_volume,200,2047.805,2128.0,1133.2927021377102,214.0,1030.25,2929.5,3994.0,1846.8189,2257.5639,missing excluded; avg_speed_kmph additionally excludes values outside 0-120
zone,South,avg_speed_kmph,201,37.47810945273632,37.6,11.528491592917097,7.9,29.6,44.7,71.9,35.44965174129353,39.5354104477612,missing excluded; avg_speed_kmph additionally excludes values outside 0-120
zone,South,public_transport_usage,207,1374.6376811594203,1422.0,714.0885487573944,116.0,723.0,2024.0,2493.0,1237.8964251207728,1499.9589130434783,missing excluded; avg_speed_kmph additionally excludes values outside 0-120
zone,South,parking_occupancy_pct,207,68.0391304347826,67.4,20.305914419331977,18.4,52.3,81.25,110.0,64.14871497584541,71.70419565217392,missing excluded; avg_speed_kmph additionally excludes values outside 0-120
zone,South,road_incidents,207,1.8840579710144927,2.0,1.4128697493618732,0.0,1.0,3.0,6.0,1.6473188405797101,2.1401207729468608,missing excluded; avg_speed_kmph additionally excludes values outside 0-120
zone,South,waterlogging_reports,207,1.0483091787439613,1.0,0.9540839865855789,0.0,0.0,2.0,4.0,0.8840579710144928,1.2222222222222223,missing excluded; avg_speed_kmph additionally excludes values outside 0-120
zone,South,power_outage_minutes,207,11.842028985507246,7.9,14.444081051303732,0.0,2.6500000000000004,16.7,127.2,9.596429951690821,14.628106280193238,missing excluded; avg_speed_kmph additionally excludes values outside 0-120
zone,South,citizen_complaints,207,8.173913043478262,8.0,2.96069652854686,1.0,6.0,10.0,17.0,7.618333333333333,8.748816425120774,missing excluded; avg_speed_kmph additionally excludes values outside 0-120
zone,South,temperature_c,202,29.224752475247524,29.2,6.752540055572293,6.4,25.1,32.75,50.3,28.03253465346535,30.483745049504954,missing excluded; avg_speed_kmph additionally excludes values outside 0-120
zone,West,traffic_volume,237,2056.8607594936707,2036.0,1082.682028389557,216.0,1081.0,3020.0,3999.0,1876.0595358649791,2244.3645569620257,missing excluded; avg_speed_kmph additionally excludes values outside 0-120
zone,West,avg_speed_kmph,230,38.254347826086956,36.75,12.097238966840607,5.8,30.9,45.7,85.1,36.19688478260871,40.23391304347826,missing excluded; avg_speed_kmph additionally excludes values outside 0-120
zone,West,public_transport_usage,238,1219.0,1201.5,665.5466520023681,113.0,656.75,1715.5,2493.0,1100.0871848739496,1325.475840336135,missing excluded; avg_speed_kmph additionally excludes values outside 0-120
zone,West,parking_occupancy_pct,238,68.25672268907564,67.2,19.500492717316988,6.5,54.324999999999996,82.5,110.0,65.06206722689076,71.49585714285715,missing excluded; avg_speed_kmph additionally excludes values outside 0-120
zone,West,road_incidents,238,2.0168067226890756,2.0,1.3869992700591043,0.0,1.0,3.0,7.0,1.7898949579831933,2.2436974789915967,missing excluded; avg_speed_kmph additionally excludes values outside 0-120
zone,West,waterlogging_reports,238,1.004201680672269,1.0,0.9524469891653597,0.0,0.0,1.0,5.0,0.8487394957983193,1.1722689075630253,missing excluded; avg_speed_kmph additionally excludes values outside 0-120
zone,West,power_outage_minutes,238,12.272268907563026,8.2,12.339192981631017,0.0,3.3,18.15,62.5,10.290308823529411,14.355535714285715,missing excluded; avg_speed_kmph additionally excludes values outside 0-120
zone,West,citizen_complaints,238,7.718487394957983,7.0,2.762114593435001,1.0,6.0,10.0,17.0,7.256302521008403,8.180672268907562,missing excluded; avg_speed_kmph additionally excludes values outside 0-120
zone,West,temperature_c,230,29.083478260869565,28.95,7.536124708482211,11.0,24.4,34.150000000000006,49.1,27.82779347826087,30.352184782608695,missing excluded; avg_speed_kmph additionally excludes values outside 0-120
zone,[UNKNOWN],traffic_volume,31,1949.225806451613,1939.0,1062.5960571379705,221.0,1013.0,2843.5,3861.0,1449.0267741935484,2415.639032258065,missing excluded; avg_speed_kmph additionally excludes values outside 0-120
zone,[UNKNOWN],avg_speed_kmph,30,38.20666666666667,35.25,12.088921498152997,19.9,29.65,44.150000000000006,74.8,33.16993333333333,43.88371666666667,missing excluded; avg_speed_kmph additionally excludes values outside 0-120
zone,[UNKNOWN],public_transport_usage,32,1382.0,1432.5,761.7098761890061,120.0,593.25,2105.25,2412.0,1044.68484375,1726.3184375000008,missing excluded; avg_speed_kmph additionally excludes values outside 0-120
zone,[UNKNOWN],parking_occupancy_pct,32,68.90937500000001,71.85,21.17267501613128,5.0,57.3,79.875,110.0,58.678109375,77.70973437500001,missing excluded; avg_speed_kmph additionally excludes values outside 0-120
zone,[UNKNOWN],road_incidents,32,1.625,1.0,1.211503997304124,0.0,1.0,2.25,5.0,1.125,2.1876562500000034,missing excluded; avg_speed_kmph additionally excludes values outside 0-120
zone,[UNKNOWN],waterlogging_reports,32,0.9375,1.0,0.9482581654734625,0.0,0.0,1.25,4.0,0.5625,1.40625,missing excluded; avg_speed_kmph additionally excludes values outside 0-120
zone,[UNKNOWN],power_outage_minutes,32,13.8875,8.3,15.03183181591437,0.2,3.2249999999999996,19.7,59.4,7.9185,21.215750000000003,missing excluded; avg_speed_kmph additionally excludes values outside 0-120
zone,[UNKNOWN],citizen_complaints,32,7.875,8.0,1.7180258738522556,5.0,7.0,9.0,11.0,7.09375,8.625,missing excluded; avg_speed_kmph additionally excludes values outside 0-120
zone,[UNKNOWN],temperature_c,32,28.85625,29.2,6.891319340885642,13.1,25.349999999999998,34.025,40.9,25.640484375,31.7906875,missing excluded; avg_speed_kmph additionally excludes values outside 0-120
month,1,traffic_volume,184,2091.271739130435,2003.0,1175.6581284727092,214.0,981.0,3147.25,3996.0,1878.7602445652176,2312.4518478260875,missing excluded; avg_speed_kmph additionally excludes values outside 0-120
month,1,avg_speed_kmph,179,38.87094972067039,37.2,12.37311986365521,5.8,31.25,46.0,74.9,36.57149720670391,41.49666201117318,missing excluded; avg_speed_kmph additionally excludes values outside 0-120
month,1,public_transport_usage,186,1419.768817204301,1466.5,654.9219431894353,135.0,869.0,1991.25,2479.0,1297.4138172043013,1546.0853494623657,missing excluded; avg_speed_kmph additionally excludes values outside 0-120
month,1,parking_occupancy_pct,186,67.31021505376344,68.65,21.484535052916282,5.0,52.324999999999996,80.3,110.0,63.16289516129033,71.2340806451613,missing excluded; avg_speed_kmph additionally excludes values outside 0-120
month,1,road_incidents,186,2.1774193548387095,2.0,1.501612037004705,0.0,1.0,3.0,7.0,1.8978494623655915,2.4677688172043015,missing excluded; avg_speed_kmph additionally excludes values outside 0-120
month,1,waterlogging_reports,186,1.0053763440860215,1.0,0.9386437128973364,0.0,0.0,1.0,4.0,0.8333064516129033,1.1774193548387097,missing excluded; avg_speed_kmph additionally excludes values outside 0-120
month,1,power_outage_minutes,186,11.33494623655914,7.1,11.90907508820703,0.1,3.025,15.475,72.2,9.369575268817204,13.710467741935492,missing excluded; avg_speed_kmph additionally excludes values outside 0-120
month,1,citizen_complaints,186,7.688172043010753,8.0,2.66500238678928,1.0,6.0,10.0,16.0,7.155913978494624,8.225860215053766,missing excluded; avg_speed_kmph additionally excludes values outside 0-120
month,1,temperature_c,184,29.099999999999998,29.2,7.277955336478881,10.4,24.3,34.125,53.8,27.709152173913044,30.45009239130435,missing excluded; avg_speed_kmph additionally excludes values outside 0-120
month,2,traffic_volume,166,2106.626506024096,2035.5,1134.1043211151082,216.0,1180.5,3143.25,3993.0,1884.284939759036,2325.473343373494,missing excluded; avg_speed_kmph additionally excludes values outside 0-120
month,2,avg_speed_kmph,162,37.83888888888889,37.400000000000006,11.99902299335371,7.5,30.6,45.6,76.8,35.514706790123455,40.260493827160495,missing excluded; avg_speed_kmph additionally excludes values outside 0-120
month,2,public_transport_usage,168,1294.9107142857142,1333.5,700.296454165557,113.0,649.5,1895.75,2469.0,1154.1614583333333,1434.1114583333335,missing excluded; avg_speed_kmph additionally excludes values outside 0-120
month,2,parking_occupancy_pct,168,69.5625,69.44999999999999,21.507410469180627,6.5,54.8,85.0,110.0,65.27080654761905,73.77458928571428,missing excluded; avg_speed_kmph additionally excludes values outside 0-120
month,2,road_incidents,168,1.8869047619047619,2.0,1.2108570490650834,0.0,1.0,3.0,5.0,1.6547321428571427,2.113095238095238,missing excluded; avg_speed_kmph additionally excludes values outside 0-120
month,2,waterlogging_reports,168,1.005952380952381,1.0,0.938191812988351,0.0,0.0,1.25,4.0,0.8273809523809523,1.2024107142857148,missing excluded; avg_speed_kmph additionally excludes values outside 0-120
month,2,power_outage_minutes,168,11.144047619047617,7.3,11.185478729892633,0.0,3.8,15.025,63.8,8.969627976190477,13.555994047619047,missing excluded; avg_speed_kmph additionally excludes values outside 0-120
month,2,citizen_complaints,168,8.208333333333334,8.0,2.849212868856219,1.0,6.0,10.0,16.0,7.636904761904762,8.761934523809526,missing excluded; avg_speed_kmph additionally excludes values outside 0-120
month,2,temperature_c,165,29.276363636363637,29.8,6.9620915250769055,12.5,24.0,33.8,48.1,27.993287878787882,30.666084848484847,missing excluded; avg_speed_kmph additionally excludes values outside 0-120
month,3,traffic_volume,185,1976.8756756756757,1956.0,1079.6397198495665,241.0,1022.0,2876.0,3984.0,1767.165027027027,2181.0115675675675,missing excluded; avg_speed_kmph additionally excludes values outside 0-120
month,3,avg_speed_kmph,181,38.13259668508287,37.5,10.75278715278509,15.3,30.0,45.8,63.9,36.02927624309392,40.06426519337017,missing excluded; avg_speed_kmph additionally excludes values outside 0-120
month,3,public_transport_usage,186,1294.8817204301076,1280.5,730.5376302269204,116.0,655.5,1962.25,2498.0,1148.4188978494624,1431.450483870968,missing excluded; avg_speed_kmph additionally excludes values outside 0-120
month,3,parking_occupancy_pct,186,68.56774193548388,67.25,21.00247172733169,15.6,54.824999999999996,85.775,110.0,64.63851075268818,72.38392204301076,missing excluded; avg_speed_kmph additionally excludes values outside 0-120
month,3,road_incidents,186,1.935483870967742,2.0,1.366047378489849,0.0,1.0,2.0,7.0,1.6827956989247312,2.1989247311827955,missing excluded; avg_speed_kmph additionally excludes values outside 0-120
month,3,waterlogging_reports,186,1.0591397849462365,1.0,1.0713705856079396,0.0,0.0,2.0,5.0,0.8709408602150538,1.2634408602150538,missing excluded; avg_speed_kmph additionally excludes values outside 0-120
month,3,power_outage_minutes,186,13.056451612903226,8.1,15.378693097755198,0.0,2.75,18.275,127.2,10.506868279569892,16.134852150537643,missing excluded; avg_speed_kmph additionally excludes values outside 0-120
month,3,citizen_complaints,186,7.967741935483871,8.0,2.7191080131353322,2.0,6.0,10.0,17.0,7.446155913978495,8.516155913978494,missing excluded; avg_speed_kmph additionally excludes values outside 0-120
month,3,temperature_c,184,28.652173913043477,28.6,6.87927875017392,11.2,24.45,33.725,45.1,27.41249184782609,29.977771739130432,missing excluded; avg_speed_kmph additionally excludes values outside 0-120
month,4,traffic_volume,174,2010.6666666666667,1949.0,1070.4470155510357,225.0,1123.25,2893.5,3999.0,1809.114827586207,2216.4912068965523,missing excluded; avg_speed_kmph additionally excludes values outside 0-120
month,4,avg_speed_kmph,175,39.088,39.4,11.42525554934401,3.9,30.8,46.4,68.7,36.89425714285714,41.27664,missing excluded; avg_speed_kmph additionally excludes values outside 0-120
month,4,public_transport_usage,180,1314.4944444444445,1290.0,736.251615488717,100.0,686.0,1969.0,2491.0,1175.0462222222222,1450.337027777778,missing excluded; avg_speed_kmph additionally excludes values outside 0-120
month,4,parking_occupancy_pct,180,67.27944444444445,66.69999999999999,18.548799287201756,10.8,53.375,79.925,110.0,63.747169444444445,71.01389999999999,missing excluded; avg_speed_kmph additionally excludes values outside 0-120
month,4,road_incidents,180,2.2222222222222223,2.0,1.5875055291525777,0.0,1.0,3.0,6.0,1.9111111111111112,2.5388888888888888,missing excluded; avg_speed_kmph additionally excludes values outside 0-120
month,4,waterlogging_reports,180,0.9888888888888889,1.0,0.9915221011005381,0.0,0.0,2.0,5.0,0.7944444444444444,1.1889166666666673,missing excluded; avg_speed_kmph additionally excludes values outside 0-120
month,4,power_outage_minutes,180,10.946111111111112,7.55,11.845902404902212,0.0,3.0,14.375,92.0,8.885394444444444,13.536116666666667,missing excluded; avg_speed_kmph additionally excludes values outside 0-120
month,4,citizen_complaints,180,7.866666666666666,7.0,2.837104511852389,1.0,6.0,10.0,17.0,7.32775,8.400027777777778,missing excluded; avg_speed_kmph additionally excludes values outside 0-120
month,4,temperature_c,179,28.96536312849162,29.1,6.994325650123904,13.1,23.65,33.0,48.9,27.623988826815644,30.310653631284918,missing excluded; avg_speed_kmph additionally excludes values outside 0-120
month,5,traffic_volume,184,2189.7065217391305,2168.0,1080.2795482979836,226.0,1274.5,3152.25,3999.0,1965.9879076086957,2402.9255434782613,missing excluded; avg_speed_kmph additionally excludes values outside 0-120
month,5,avg_speed_kmph,176,36.98465909090909,37.5,13.11392032036306,3.0,28.375,44.925,85.1,34.396511363636364,39.42277272727273,missing excluded; avg_speed_kmph additionally excludes values outside 0-120
month,5,public_transport_usage,186,1312.720430107527,1383.0,670.1688752980045,126.0,736.5,1832.5,2471.0,1185.353010752688,1432.0549462365593,missing excluded; avg_speed_kmph additionally excludes values outside 0-120
month,5,parking_occupancy_pct,186,68.38118279569893,68.6,19.53044804287895,5.0,55.574999999999996,82.55,110.0,64.64858064516129,71.850561827957,missing excluded; avg_speed_kmph additionally excludes values outside 0-120
month,5,road_incidents,186,1.7688172043010753,2.0,1.2799052747571051,0.0,1.0,2.0,8.0,1.5376075268817204,2.016155913978495,missing excluded; avg_speed_kmph additionally excludes values outside 0-120
month,5,waterlogging_reports,186,1.0161290322580645,1.0,0.9724630553761365,0.0,0.0,2.0,4.0,0.8279569892473119,1.2096774193548387,missing excluded; avg_speed_kmph additionally excludes values outside 0-120
month,5,power_outage_minutes,186,12.316666666666665,8.5,12.55963468511021,0.0,3.4,17.4,86.3,10.214379032258066,14.87438172043011,missing excluded; avg_speed_kmph additionally excludes values outside 0-120
month,5,citizen_complaints,186,7.553763440860215,7.0,2.7252199173261853,1.0,6.0,9.0,14.0,7.048333333333334,8.10752688172043,missing excluded; avg_speed_kmph additionally excludes values outside 0-120
month,5,temperature_c,184,29.146195652173912,30.05,7.174513687354401,6.4,24.5,33.75,44.3,27.80018206521739,30.51527717391304,missing excluded; avg_speed_kmph additionally excludes values outside 0-120
month,6,traffic_volume,175,2059.657142857143,2111.0,1097.6816306348435,219.0,1118.5,3012.0,3965.0,1846.1129714285714,2271.817485714286,missing excluded; avg_speed_kmph additionally excludes values outside 0-120
month,6,avg_speed_kmph,178,38.410674157303376,39.2,11.41342002228478,3.0,32.45,45.85,70.4,36.24490168539326,40.56915730337079,missing excluded; avg_speed_kmph additionally excludes values outside 0-120
month,6,public_transport_usage,180,1283.0111111111112,1269.0,658.3396585510437,104.0,714.75,1776.5,2493.0,1160.1095555555555,1401.0950833333334,missing excluded; avg_speed_kmph additionally excludes values outside 0-120
month,6,parking_occupancy_pct,180,69.00722222222223,66.65,21.422306107064077,5.0,53.275,84.42500000000001,110.0,64.64324166666667,73.108025,missing excluded; avg_speed_kmph additionally excludes values outside 0-120
month,6,road_incidents,180,1.8666666666666667,2.0,1.4813552605034448,0.0,1.0,3.0,7.0,1.6055555555555556,2.1334166666666685,missing excluded; avg_speed_kmph additionally excludes values outside 0-120
month,6,waterlogging_reports,180,0.9166666666666666,1.0,1.007652285509054,0.0,0.0,1.0,4.0,0.72775,1.1166666666666667,missing excluded; avg_speed_kmph additionally excludes values outside 0-120
month,6,power_outage_minutes,180,12.45,8.4,12.090027748095563,0.0,3.7,17.625,72.0,10.289972222222222,14.935569444444443,missing excluded; avg_speed_kmph additionally excludes values outside 0-120
month,6,citizen_complaints,180,7.633333333333334,7.0,2.7884438302417727,2.0,6.0,9.0,16.0,7.099972222222222,8.183361111111111,missing excluded; avg_speed_kmph additionally excludes values outside 0-120
month,6,temperature_c,175,28.773142857142854,28.7,7.221425565088809,10.1,24.4,33.0,50.3,27.434248571428572,30.163482857142863,missing excluded; avg_speed_kmph additionally excludes values outside 0-120
month,7,traffic_volume,177,2087.6158192090397,2024.0,1114.5503778422628,217.0,1136.0,3108.0,3975.0,1870.8433898305084,2302.50395480226,missing excluded; avg_speed_kmph additionally excludes values outside 0-120
month,7,avg_speed_kmph,180,38.943888888888885,38.55,12.941217180408122,3.0,29.975,47.525,73.5,36.56499166666667,41.440019444444445,missing excluded; avg_speed_kmph additionally excludes values outside 0-120
month,7,public_transport_usage,186,1214.1505376344087,1101.5,718.7592003075414,116.0,611.5,1832.0,2493.0,1084.0718279569892,1349.2299193548388,missing excluded; avg_speed_kmph additionally excludes values outside 0-120
month,7,parking_occupancy_pct,186,65.60430107526881,65.55,20.937747698786826,5.0,50.2,77.9,110.0,61.594510752688166,69.31348924731182,missing excluded; avg_speed_kmph additionally excludes values outside 0-120
month,7,road_incidents,186,1.903225806451613,2.0,1.379890447112788,0.0,1.0,3.0,7.0,1.6343817204301077,2.172043010752688,missing excluded; avg_speed_kmph additionally excludes values outside 0-120
month,7,waterlogging_reports,186,1.1021505376344085,1.0,1.0579407324761354,0.0,0.0,2.0,6.0,0.9193279569892473,1.3064516129032258,missing excluded; avg_speed_kmph additionally excludes values outside 0-120
month,7,power_outage_minutes,186,11.990860215053765,8.05,12.032427910367566,0.0,3.225,18.15,70.4,9.764494623655915,14.182879032258066,missing excluded; avg_speed_kmph additionally excludes values outside 0-120
month,7,citizen_complaints,186,8.064516129032258,8.0,2.635747810652618,1.0,6.0,10.0,17.0,7.596747311827957,8.559247311827958,missing excluded; avg_speed_kmph additionally excludes values outside 0-120
month,7,temperature_c,177,28.979096045197743,28.3,7.434231579539535,14.0,23.5,33.9,47.0,27.537847457627112,30.463336158192092,missing excluded; avg_speed_kmph additionally excludes values outside 0-120
month,8,traffic_volume,185,2059.864864864865,2105.0,1050.714336777039,214.0,1077.0,2931.0,3994.0,1861.4198108108108,2252.851945945946,missing excluded; avg_speed_kmph additionally excludes values outside 0-120
month,8,avg_speed_kmph,182,37.81373626373627,38.4,10.072240627937534,8.1,31.45,45.075,58.5,35.861425824175825,39.689612637362636,missing excluded; avg_speed_kmph additionally excludes values outside 0-120
month,8,public_transport_usage,186,1302.1344086021506,1354.0,677.92730870701,109.0,717.0,1891.75,2478.0,1176.5100268817205,1430.347177419355,missing excluded; avg_speed_kmph additionally excludes values outside 0-120
month,8,parking_occupancy_pct,186,70.54677419354839,69.6,18.5734514198636,20.1,58.15,84.85000000000001,110.0,67.23947849462367,74.08877956989248,missing excluded; avg_speed_kmph additionally excludes values outside 0-120
month,8,road_incidents,186,1.989247311827957,2.0,1.2944340193297377,0.0,1.0,3.0,6.0,1.7419086021505377,2.2204301075268815,missing excluded; avg_speed_kmph additionally excludes values outside 0-120
month,8,waterlogging_reports,186,1.075268817204301,1.0,0.9327270002934575,0.0,0.0,2.0,4.0,0.8978494623655914,1.2473118279569892,missing excluded; avg_speed_kmph additionally excludes values outside 0-120
month,8,power_outage_minutes,186,11.344086021505376,8.55,11.82002389319935,0.0,3.5,15.975,87.0,9.36021505376344,13.75108064516129,missing excluded; avg_speed_kmph additionally excludes values outside 0-120
month,8,citizen_complaints,186,8.564516129032258,9.0,2.925863980924879,1.0,6.0,11.0,17.0,8.010752688172044,9.112930107526882,missing excluded; avg_speed_kmph additionally excludes values outside 0-120
month,8,temperature_c,181,28.644751381215467,28.7,6.74706006503415,13.1,23.9,32.4,49.0,27.330301104972374,30.003883977900554,missing excluded; avg_speed_kmph additionally excludes values outside 0-120
month,9,traffic_volume,138,1825.268115942029,1677.0,1082.4342567980075,217.0,775.25,2728.25,3918.0,1598.1440942028985,2060.223586956522,missing excluded; avg_speed_kmph additionally excludes values outside 0-120
month,9,avg_speed_kmph,138,37.11666666666667,36.9,11.700930048088813,8.3,28.8,45.475,71.9,34.48114492753623,39.724869565217396,missing excluded; avg_speed_kmph additionally excludes values outside 0-120
month,9,public_transport_usage,142,1237.0422535211267,1266.0,690.2378444347435,136.0,652.0,1783.5,2486.0,1088.0836267605634,1380.6414084507041,missing excluded; avg_speed_kmph additionally excludes values outside 0-120
month,9,parking_occupancy_pct,142,66.79788732394366,68.05000000000001,19.431342920743436,23.5,54.125,78.6,110.0,62.76117253521127,70.80517253521127,missing excluded; avg_speed_kmph additionally excludes values outside 0-120
month,9,road_incidents,142,1.8591549295774648,2.0,1.3610152098189445,0.0,1.0,3.0,6.0,1.5845070422535212,2.1690140845070425,missing excluded; avg_speed_kmph additionally excludes values outside 0-120
month,9,waterlogging_reports,142,1.0140845070422535,1.0,1.0584741827955895,0.0,0.0,1.0,5.0,0.795774647887324,1.2464788732394365,missing excluded; avg_speed_kmph additionally excludes values outside 0-120
month,9,power_outage_minutes,142,12.314084507042253,8.3,11.788873174150792,0.1,2.75,18.05,62.0,9.889985915492957,15.128250000000005,missing excluded; avg_speed_kmph additionally excludes values outside 0-120
month,9,citizen_complaints,142,8.070422535211268,8.0,2.976617832525197,2.0,6.0,10.0,17.0,7.422535211267606,8.690140845070422,missing excluded; avg_speed_kmph additionally excludes values outside 0-120
month,9,temperature_c,139,28.8568345323741,28.6,6.764999977074159,10.7,24.65,32.6,49.1,27.386129496402877,30.31512949640288,missing excluded; avg_speed_kmph additionally excludes values outside 0-120
hour,00:00,traffic_volume,264,2103.537878787879,2147.0,1094.2513103116107,214.0,1165.0,3067.25,3993.0,1937.8971401515153,2269.440625,missing excluded; avg_speed_kmph additionally excludes values outside 0-120
hour,00:00,avg_speed_kmph,260,39.35846153846154,40.1,11.476191803859775,8.1,32.175000000000004,46.425,76.8,37.50537692307693,41.16347692307693,missing excluded; avg_speed_kmph additionally excludes values outside 0-120
hour,00:00,public_transport_usage,267,1310.1797752808989,1354.0,698.359203119644,100.0,710.0,1876.0,2491.0,1198.3405805243447,1418.2386704119854,missing excluded; avg_speed_kmph additionally excludes values outside 0-120
hour,00:00,parking_occupancy_pct,267,67.87677902621722,67.9,20.417517544232258,15.2,52.349999999999994,82.0,110.0,64.6048520599251,71.23720037453184,missing excluded; avg_speed_kmph additionally excludes values outside 0-120
hour,00:00,road_incidents,267,1.9325842696629214,2.0,1.2577377304903414,0.0,1.0,3.0,6.0,1.7378277153558053,2.138595505617978,missing excluded; avg_speed_kmph additionally excludes values outside 0-120
hour,00:00,waterlogging_reports,267,0.9026217228464419,1.0,0.8702868008690844,0.0,0.0,1.0,4.0,0.7715355805243446,1.03747191011236,missing excluded; avg_speed_kmph additionally excludes values outside 0-120
hour,00:00,power_outage_minutes,267,12.631835205992509,8.1,14.71852183356814,0.0,3.05,17.25,127.2,10.577810861423222,15.093039325842698,missing excluded; avg_speed_kmph additionally excludes values outside 0-120
hour,00:00,citizen_complaints,267,7.925093632958801,8.0,2.7258866755409406,2.0,6.0,10.0,17.0,7.50561797752809,8.348352059925094,missing excluded; avg_speed_kmph additionally excludes values outside 0-120
hour,00:00,temperature_c,262,28.75038167938931,28.7,6.581517998464148,6.4,24.5,33.075,47.0,27.67092748091603,29.77025954198474,missing excluded; avg_speed_kmph additionally excludes values outside 0-120
hour,04:00,traffic_volume,259,2018.3281853281853,2001.0,1104.438148759389,217.0,943.5,2950.0,3984.0,1841.389227799228,2195.6961003861006,missing excluded; avg_speed_kmph additionally excludes values outside 0-120
hour,04:00,avg_speed_kmph,257,38.69649805447471,38.5,12.441281907463265,3.9,30.0,47.9,70.4,36.573984435797655,40.63489105058367,missing excluded; avg_speed_kmph additionally excludes values outside 0-120
hour,04:00,public_transport_usage,267,1290.2696629213483,1290.0,683.9266949030531,104.0,677.5,1839.0,2493.0,1183.0137078651685,1394.459382022472,missing excluded; avg_speed_kmph additionally excludes values outside 0-120
hour,04:00,parking_occupancy_pct,267,68.8505617977528,69.8,20.66058935971371,5.0,55.2,84.1,110.0,65.56853558052434,71.86791198501872,missing excluded; avg_speed_kmph additionally excludes values outside 0-120
hour,04:00,road_incidents,267,2.0037453183520597,2.0,1.4075471314931576,0.0,1.0,3.0,7.0,1.7827715355805243,2.2322284644194763,missing excluded; avg_speed_kmph additionally excludes values outside 0-120
hour,04:00,waterlogging_reports,267,1.202247191011236,1.0,1.0986640070199019,0.0,0.0,2.0,5.0,1.037434456928839,1.3707865168539326,missing excluded; avg_speed_kmph additionally excludes values outside 0-120
hour,04:00,power_outage_minutes,267,11.54943820224719,7.9,12.039450724320737,0.0,3.1500000000000004,16.65,92.0,9.776001872659174,13.652230337078658,missing excluded; avg_speed_kmph additionally excludes values outside 0-120
hour,04:00,citizen_complaints,267,7.782771535580524,8.0,2.791906097656957,1.0,6.0,10.0,17.0,7.359513108614232,8.224719101123595,missing excluded; avg_speed_kmph additionally excludes values outside 0-120
hour,04:00,temperature_c,259,28.73938223938224,29.0,7.349402312132247,10.1,23.5,33.4,49.0,27.5857027027027,29.91352702702703,missing excluded; avg_speed_kmph additionally excludes values outside 0-120
hour,08:00,traffic_volume,262,2014.557251908397,1969.5,1071.7155271055665,219.0,1092.25,2954.0,3973.0,1846.3217557251908,2178.246603053435,missing excluded; avg_speed_kmph additionally excludes values outside 0-120
hour,08:00,avg_speed_kmph,260,38.57769230769231,37.400000000000006,11.599765444204396,3.0,31.075000000000003,45.625,85.1,36.66978653846153,40.53082307692308,missing excluded; avg_speed_kmph additionally excludes values outside 0-120
hour,08:00,public_transport_usage,267,1236.3895131086142,1262.0,693.7602766037928,113.0,625.0,1827.5,2498.0,1130.3205430711612,1349.8287640449437,missing excluded; avg_speed_kmph additionally excludes values outside 0-120
hour,08:00,parking_occupancy_pct,267,69.08014981273409,69.7,18.08263454693267,10.8,57.4,80.65,110.0,66.27109176029963,71.91880711610486,missing excluded; avg_speed_kmph additionally excludes values outside 0-120
hour,08:00,road_incidents,267,1.9662921348314606,2.0,1.4124801272319283,0.0,1.0,3.0,7.0,1.7602808988764045,2.191011235955056,missing excluded; avg_speed_kmph additionally excludes values outside 0-120
hour,08:00,waterlogging_reports,267,0.9962546816479401,1.0,1.0204603389228146,0.0,0.0,1.0,4.0,0.8389513108614233,1.1573220973782774,missing excluded; avg_speed_kmph additionally excludes values outside 0-120
hour,08:00,power_outage_minutes,267,11.388014981273407,7.6,10.867929236727278,0.1,3.8,16.0,58.2,9.761705992509365,13.184705992509365,missing excluded; avg_speed_kmph additionally excludes values outside 0-120
hour,08:00,citizen_complaints,267,8.074906367041198,8.0,2.6489477785160607,1.0,6.0,10.0,17.0,7.655430711610487,8.479438202247191,missing excluded; avg_speed_kmph additionally excludes values outside 0-120
hour,08:00,temperature_c,262,29.216412213740462,29.0,6.969539480127864,11.2,24.275,34.6,46.9,28.10567938931298,30.316431297709922,missing excluded; avg_speed_kmph additionally excludes values outside 0-120
hour,12:00,traffic_volume,262,2106.702290076336,2039.0,1102.6904797679995,217.0,1167.5,3037.25,3970.0,1932.063645038168,2280.211393129771,missing excluded; avg_speed_kmph additionally excludes values outside 0-120
hour,12:00,avg_speed_kmph,261,37.52873563218391,36.3,11.475350586693775,3.0,29.8,44.3,74.8,35.78888697318008,39.28237739463602,missing excluded; avg_speed_kmph additionally excludes values outside 0-120
hour,12:00,public_transport_usage,267,1337.4531835205992,1379.0,732.1276958465248,116.0,677.5,2043.0,2489.0,1221.0110486891385,1452.8930711610487,missing excluded; avg_speed_kmph additionally excludes values outside 0-120
hour,12:00,parking_occupancy_pct,267,69.28277153558052,68.0,20.794437944618032,6.5,54.25,82.65,110.0,65.97857303370786,72.50053558052436,missing excluded; avg_speed_kmph additionally excludes values outside 0-120
hour,12:00,road_incidents,267,1.898876404494382,2.0,1.4356755017485179,0.0,1.0,3.0,7.0,1.6816479400749065,2.1311048689138583,missing excluded; avg_speed_kmph additionally excludes values outside 0-120
hour,12:00,waterlogging_reports,267,1.0337078651685394,1.0,1.005056069983206,0.0,0.0,2.0,6.0,0.8764044943820225,1.1947752808988767,missing excluded; avg_speed_kmph additionally excludes values outside 0-120
hour,12:00,power_outage_minutes,267,12.429962546816478,8.8,13.11034434887049,0.0,3.1500000000000004,17.1,87.0,10.535189138576781,14.637500000000005,missing excluded; avg_speed_kmph additionally excludes values outside 0-120
hour,12:00,citizen_complaints,267,8.127340823970037,8.0,2.979674511659353,1.0,6.0,10.0,17.0,7.666647940074907,8.61052434456929,missing excluded; avg_speed_kmph additionally excludes values outside 0-120
hour,12:00,temperature_c,260,28.93923076923077,28.8,7.1846199540938755,10.7,24.225,33.324999999999996,49.1,27.764961538461534,30.085034615384618,missing excluded; avg_speed_kmph additionally excludes values outside 0-120
hour,16:00,traffic_volume,262,2137.2824427480914,2010.0,1096.5125369439404,216.0,1262.5,3076.75,3999.0,1965.9457633587785,2301.425458015268,missing excluded; avg_speed_kmph additionally excludes values outside 0-120
hour,16:00,avg_speed_kmph,256,37.875,37.9,12.292698295026566,7.9,29.975,46.349999999999994,72.4,35.871037109375,39.835978515625,missing excluded; avg_speed_kmph additionally excludes values outside 0-120
hour,16:00,public_transport_usage,266,1296.9473684210527,1338.5,682.652985861965,128.0,721.75,1822.0,2493.0,1188.2971052631578,1399.6099624060153,missing excluded; avg_speed_kmph additionally excludes values outside 0-120
hour,16:00,parking_occupancy_pct,266,66.51954887218045,65.8,20.418544876901862,5.0,52.075,81.1,110.0,63.3646522556391,69.71882894736841,missing excluded; avg_speed_kmph additionally excludes values outside 0-120
hour,16:00,road_incidents,266,1.9360902255639099,2.0,1.4273785628346636,0.0,1.0,3.0,8.0,1.7180075187969925,2.184229323308271,missing excluded; avg_speed_kmph additionally excludes values outside 0-120
hour,16:00,waterlogging_reports,266,1.0037593984962405,1.0,0.9575839105091793,0.0,0.0,1.0,5.0,0.8646616541353384,1.1616541353383458,missing excluded; avg_speed_kmph additionally excludes values outside 0-120
hour,16:00,power_outage_minutes,266,11.160902255639098,7.25,11.590678327368213,0.1,3.3,15.2,67.6,9.361210526315789,13.062804511278195,missing excluded; avg_speed_kmph additionally excludes values outside 0-120
hour,16:00,citizen_complaints,266,7.883458646616542,8.0,2.8400021379510374,1.0,6.0,10.0,16.0,7.421033834586466,8.334624060150377,missing excluded; avg_speed_kmph additionally excludes values outside 0-120
hour,16:00,temperature_c,261,28.727969348659006,29.1,7.175102739482815,10.4,24.4,33.2,50.3,27.530254789272032,29.854511494252876,missing excluded; avg_speed_kmph additionally excludes values outside 0-120
hour,20:00,traffic_volume,259,1923.046332046332,1854.0,1126.490126719697,214.0,914.0,2811.0,3996.0,1740.7227606177607,2106.8718918918926,missing excluded; avg_speed_kmph additionally excludes values outside 0-120
hour,20:00,avg_speed_kmph,257,36.93112840466926,37.0,11.291432553593635,3.0,30.1,45.3,64.1,35.09524902723736,38.71058171206226,missing excluded; avg_speed_kmph additionally excludes values outside 0-120
hour,20:00,public_transport_usage,266,1320.8721804511279,1316.0,673.7876202375763,109.0,755.75,1866.5,2487.0,1214.9172368421052,1420.6799248120305,missing excluded; avg_speed_kmph additionally excludes values outside 0-120
hour,20:00,parking_occupancy_pct,266,67.20451127819548,65.6,21.40642247008586,5.0,52.324999999999996,81.325,110.0,63.94020676691729,70.41996428571427,missing excluded; avg_speed_kmph additionally excludes values outside 0-120
hour,20:00,road_incidents,266,2.018796992481203,2.0,1.4286898801793095,0.0,1.0,3.0,7.0,1.8045112781954886,2.236842105263158,missing excluded; avg_speed_kmph additionally excludes values outside 0-120
hour,20:00,waterlogging_reports,266,0.9887218045112782,1.0,0.9923598050569061,0.0,0.0,2.0,4.0,0.8383458646616542,1.1579323308270686,missing excluded; avg_speed_kmph additionally excludes values outside 0-120
hour,20:00,power_outage_minutes,266,12.088345864661655,8.4,11.479181134456502,0.0,3.525,17.575000000000003,72.0,10.36115977443609,14.121449248120301,missing excluded; avg_speed_kmph additionally excludes values outside 0-120
hour,20:00,citizen_complaints,266,7.924812030075188,8.0,2.7965586942833354,1.0,6.0,10.0,16.0,7.473665413533834,8.360939849624062,missing excluded; avg_speed_kmph additionally excludes values outside 0-120
hour,20:00,temperature_c,264,29.212500000000002,29.65,7.048104334842731,12.5,24.375,33.025,53.8,28.085958333333338,30.35617234848485,missing excluded; avg_speed_kmph additionally excludes values outside 0-120
weekday,0,traffic_volume,221,2081.9366515837105,1953.0,1104.336541081901,230.0,1135.0,3154.0,3983.0,1896.2671040723983,2274.82443438914,missing excluded; avg_speed_kmph additionally excludes values outside 0-120
weekday,0,avg_speed_kmph,224,36.931696428571435,35.75,11.50699630335251,3.0,29.05,44.824999999999996,70.4,34.943671875,38.82594419642857,missing excluded; avg_speed_kmph additionally excludes values outside 0-120
weekday,0,public_transport_usage,228,1275.122807017544,1303.5,656.5605231315825,142.0,674.75,1786.25,2493.0,1165.6942324561403,1387.7392324561406,missing excluded; avg_speed_kmph additionally excludes values outside 0-120
weekday,0,parking_occupancy_pct,228,70.425,68.69999999999999,20.044787681985035,15.6,56.975,83.125,110.0,66.82760964912282,73.87293421052632,missing excluded; avg_speed_kmph additionally excludes values outside 0-120
weekday,0,road_incidents,228,1.9824561403508771,2.0,1.3206756790253913,0.0,1.0,3.0,7.0,1.763157894736842,2.206140350877193,missing excluded; avg_speed_kmph additionally excludes values outside 0-120
weekday,0,waterlogging_reports,228,1.013157894736842,1.0,0.9502156637093202,0.0,0.0,1.0,4.0,0.8596491228070176,1.1666666666666667,missing excluded; avg_speed_kmph additionally excludes values outside 0-120
weekday,0,power_outage_minutes,228,12.306140350877191,8.7,13.076510096926343,0.0,3.875,16.0,87.0,10.201714912280702,14.533412280701757,missing excluded; avg_speed_kmph additionally excludes values outside 0-120
weekday,0,citizen_complaints,228,8.052631578947368,8.0,3.0526715540607947,2.0,6.0,10.0,17.0,7.530679824561403,8.552697368421054,missing excluded; avg_speed_kmph additionally excludes values outside 0-120
weekday,0,temperature_c,221,29.226244343891402,30.0,7.336201575625257,10.1,24.3,33.8,47.1,27.92389592760181,30.602776018099554,missing excluded; avg_speed_kmph additionally excludes values outside 0-120
weekday,1,traffic_volume,222,2022.527027027027,1942.5,1093.5711629365992,217.0,1022.25,2873.5,3989.0,1824.4692792792794,2210.59231981982,missing excluded; avg_speed_kmph additionally excludes values outside 0-120
weekday,1,avg_speed_kmph,220,38.384545454545446,39.05,11.082691976062522,3.0,31.75,45.349999999999994,69.3,36.449509090909096,40.29090909090909,missing excluded; avg_speed_kmph additionally excludes values outside 0-120
weekday,1,public_transport_usage,228,1336.5,1305.0,677.9046201412191,109.0,766.25,1913.25,2489.0,1215.3521929824562,1445.9264692982456,missing excluded; avg_speed_kmph additionally excludes values outside 0-120
weekday,1,parking_occupancy_pct,228,67.41140350877193,67.0,21.33129181170909,7.1,52.25,83.375,110.0,63.89692324561403,70.80364473684212,missing excluded; avg_speed_kmph additionally excludes values outside 0-120
weekday,1,road_incidents,228,1.8771929824561404,2.0,1.4397769704743322,0.0,1.0,3.0,8.0,1.6315570175438596,2.1184210526315788,missing excluded; avg_speed_kmph additionally excludes values outside 0-120
weekday,1,waterlogging_reports,228,1.0614035087719298,1.0,1.0349409970140373,0.0,0.0,2.0,5.0,0.8991228070175439,1.232478070175439,missing excluded; avg_speed_kmph additionally excludes values outside 0-120
weekday,1,power_outage_minutes,228,11.36535087719298,7.25,12.689139320873448,0.0,2.975,15.625,72.2,9.325780701754384,13.850462719298244,missing excluded; avg_speed_kmph additionally excludes values outside 0-120
weekday,1,citizen_complaints,228,7.912280701754386,8.0,2.82238192125121,1.0,6.0,10.0,17.0,7.460504385964912,8.416666666666666,missing excluded; avg_speed_kmph additionally excludes values outside 0-120
weekday,1,temperature_c,225,29.210666666666665,30.2,7.308108999108945,11.1,24.2,33.5,50.3,27.922495555555557,30.44534888888889,missing excluded; avg_speed_kmph additionally excludes values outside 0-120
weekday,2,traffic_volume,222,2025.418918918919,1973.0,1077.2910765117558,214.0,1119.25,2988.75,3979.0,1837.9230180180182,2216.5125450450455,missing excluded; avg_speed_kmph additionally excludes values outside 0-120
weekday,2,avg_speed_kmph,218,38.601376146788986,39.1,11.951173628262817,3.0,30.525,46.7,74.8,36.567426605504586,40.80785321100917,missing excluded; avg_speed_kmph additionally excludes values outside 0-120
weekday,2,public_transport_usage,228,1244.421052631579,1257.5,705.7514431205426,114.0,597.75,1842.5,2481.0,1128.0214254385965,1356.3945833333335,missing excluded; avg_speed_kmph additionally excludes values outside 0-120
weekday,2,parking_occupancy_pct,228,66.56535087719298,66.8,19.774365583693864,5.0,52.575,79.725,110.0,63.21266885964912,69.96482675438597,missing excluded; avg_speed_kmph additionally excludes values outside 0-120
weekday,2,road_incidents,228,1.8070175438596492,2.0,1.4227676260558262,0.0,1.0,2.0,7.0,1.5701754385964912,2.074561403508772,missing excluded; avg_speed_kmph additionally excludes values outside 0-120
weekday,2,waterlogging_reports,228,0.9429824561403509,1.0,0.9532203057177848,0.0,0.0,1.25,3.0,0.7850657894736842,1.100899122807018,missing excluded; avg_speed_kmph additionally excludes values outside 0-120
weekday,2,power_outage_minutes,228,12.492105263157894,7.3,14.264018653502287,0.0,3.1,18.049999999999997,127.2,10.322309210526315,15.07507894736842,missing excluded; avg_speed_kmph additionally excludes values outside 0-120
weekday,2,citizen_complaints,228,7.925438596491228,8.0,2.8000412647528474,1.0,6.0,10.0,16.0,7.442982456140351,8.399166666666668,missing excluded; avg_speed_kmph additionally excludes values outside 0-120
weekday,2,temperature_c,226,28.96858407079646,27.9,6.613510396454503,13.9,24.4,33.575,46.7,27.872035398230093,30.05353982300885,missing excluded; avg_speed_kmph additionally excludes values outside 0-120
weekday,3,traffic_volume,229,2071.0917030567684,2187.0,1118.420097049177,219.0,1064.0,2973.0,3999.0,1882.1549126637553,2260.5798253275107,missing excluded; avg_speed_kmph additionally excludes values outside 0-120
weekday,3,avg_speed_kmph,225,39.99022222222222,40.4,11.058302974803127,14.2,31.9,47.4,68.3,38.141299999999994,41.95959333333333,missing excluded; avg_speed_kmph additionally excludes values outside 0-120
weekday,3,public_transport_usage,232,1329.5172413793102,1385.0,728.9564085656247,100.0,670.5,1925.0,2490.0,1208.9550215517243,1450.9379525862073,missing excluded; avg_speed_kmph additionally excludes values outside 0-120
weekday,3,parking_occupancy_pct,232,68.07629310344828,68.25,20.52423123005376,7.8,52.6,82.69999999999999,110.0,64.58819612068966,71.43563362068966,missing excluded; avg_speed_kmph additionally excludes values outside 0-120
weekday,3,road_incidents,232,1.9482758620689655,2.0,1.428496788615863,0.0,1.0,3.0,7.0,1.706875,2.1767241379310347,missing excluded; avg_speed_kmph additionally excludes values outside 0-120
weekday,3,waterlogging_reports,232,1.0905172413793103,1.0,1.0631553500795388,0.0,0.0,2.0,6.0,0.9137500000000001,1.2758836206896558,missing excluded; avg_speed_kmph additionally excludes values outside 0-120
weekday,3,power_outage_minutes,232,12.015948275862069,8.75,11.23725078288663,0.0,3.6750000000000003,16.775,67.4,10.143515086206897,13.868637931034485,missing excluded; avg_speed_kmph additionally excludes values outside 0-120
weekday,3,citizen_complaints,232,7.810344827586207,8.0,2.8051091083978217,1.0,6.0,10.0,17.0,7.383599137931035,8.284504310344829,missing excluded; avg_speed_kmph additionally excludes values outside 0-120
weekday,3,temperature_c,224,29.19508928571429,29.3,6.554854634124507,12.5,24.5,33.7,47.8,28.123660714285712,30.28125892857143,missing excluded; avg_speed_kmph additionally excludes values outside 0-120
weekday,4,traffic_volume,226,1999.5619469026549,1945.0,1116.6641107090018,218.0,1024.0,3000.0,3993.0,1816.795663716814,2185.7322345132743,missing excluded; avg_speed_kmph additionally excludes values outside 0-120
weekday,4,avg_speed_kmph,219,38.0986301369863,37.5,12.469605172608272,11.0,29.3,45.3,85.1,35.94654794520548,40.31552968036529,missing excluded; avg_speed_kmph additionally excludes values outside 0-120
weekday,4,public_transport_usage,228,1245.6052631578948,1200.0,712.2174483377044,116.0,632.5,1806.25,2493.0,1126.2679605263158,1363.3273684210526,missing excluded; avg_speed_kmph additionally excludes values outside 0-120
weekday,4,parking_occupancy_pct,228,69.24736842105263,68.8,20.171964277779704,5.0,56.1,83.175,110.0,65.75463815789472,72.428524122807,missing excluded; avg_speed_kmph additionally excludes values outside 0-120
weekday,4,road_incidents,228,2.030701754385965,2.0,1.4091974279120414,0.0,1.0,3.0,6.0,1.7982456140350878,2.276337719298246,missing excluded; avg_speed_kmph additionally excludes values outside 0-120
weekday,4,waterlogging_reports,228,1.0394736842105263,1.0,1.0296159346439382,0.0,0.0,2.0,5.0,0.8640350877192983,1.2105482456140355,missing excluded; avg_speed_kmph additionally excludes values outside 0-120
weekday,4,power_outage_minutes,228,12.09342105263158,8.350000000000001,11.392311367272843,0.0,3.475,16.924999999999997,62.0,10.163572368421054,14.009789473684213,missing excluded; avg_speed_kmph additionally excludes values outside 0-120
weekday,4,citizen_complaints,228,8.118421052631579,8.0,2.669622415165642,2.0,6.0,10.0,17.0,7.666666666666667,8.578947368421053,missing excluded; avg_speed_kmph additionally excludes values outside 0-120
weekday,4,temperature_c,225,29.01688888888889,28.7,7.414601852757882,6.4,24.2,33.0,53.8,27.711104444444445,30.318746666666666,missing excluded; avg_speed_kmph additionally excludes values outside 0-120
weekday,5,traffic_volume,224,2187.8125,2165.0,1069.1123096313975,230.0,1275.0,3076.0,3993.0,2000.257299107143,2366.143415178572,missing excluded; avg_speed_kmph additionally excludes values outside 0-120
weekday,5,avg_speed_kmph,223,37.25022421524663,37.1,11.562477657887202,3.9,29.950000000000003,45.55,68.0,35.32726233183856,39.24269506726457,missing excluded; avg_speed_kmph additionally excludes values outside 0-120
weekday,5,public_transport_usage,228,1330.8157894736842,1286.5,674.8099104608661,104.0,740.75,1910.25,2491.0,1220.1582675438597,1436.979100877193,missing excluded; avg_speed_kmph additionally excludes values outside 0-120
weekday,5,parking_occupancy_pct,228,68.83684210526316,68.6,19.959321023287398,5.0,55.125,81.875,110.0,65.67795833333332,72.36283771929826,missing excluded; avg_speed_kmph additionally excludes values outside 0-120
weekday,5,road_incidents,228,2.039473684210526,2.0,1.3645039711961837,0.0,1.0,3.0,7.0,1.7982236842105264,2.276337719298246,missing excluded; avg_speed_kmph additionally excludes values outside 0-120
weekday,5,waterlogging_reports,228,1.0043859649122806,1.0,0.9911405214167259,0.0,0.0,2.0,5.0,0.8464912280701754,1.1710526315789473,missing excluded; avg_speed_kmph additionally excludes values outside 0-120
weekday,5,power_outage_minutes,228,12.116228070175438,8.2,12.471580019260983,0.1,3.4,17.025,92.0,10.043826754385965,14.428094298245615,missing excluded; avg_speed_kmph additionally excludes values outside 0-120
weekday,5,citizen_complaints,228,8.162280701754385,8.0,2.8182817382408216,1.0,6.0,10.0,17.0,7.68859649122807,8.631578947368421,missing excluded; avg_speed_kmph additionally excludes values outside 0-120
weekday,5,temperature_c,222,28.554504504504507,28.55,7.153871367674182,10.4,24.4,32.5,49.0,27.354470720720723,29.722702702702712,missing excluded; avg_speed_kmph additionally excludes values outside 0-120
weekday,6,traffic_volume,224,1968.236607142857,1943.0,1119.8069229393416,214.0,946.25,2944.25,3999.0,1778.4138839285715,2164.5950892857145,missing excluded; avg_speed_kmph additionally excludes values outside 0-120
weekday,6,avg_speed_kmph,222,37.88333333333333,37.9,12.63203360514483,7.5,30.225,46.1,76.8,35.67281081081081,40.05612387387387,missing excluded; avg_speed_kmph additionally excludes values outside 0-120
weekday,6,public_transport_usage,228,1328.1842105263158,1332.0,700.0986785800943,113.0,699.0,1944.75,2498.0,1211.4518640350875,1452.375504385965,missing excluded; avg_speed_kmph additionally excludes values outside 0-120
weekday,6,parking_occupancy_pct,228,66.4,65.69999999999999,20.315851756673133,5.0,51.3,80.125,110.0,63.109179824561416,69.84619298245615,missing excluded; avg_speed_kmph additionally excludes values outside 0-120
weekday,6,road_incidents,228,2.030701754385965,2.0,1.3743802571611838,0.0,1.0,3.0,7.0,1.7982236842105264,2.263179824561404,missing excluded; avg_speed_kmph additionally excludes values outside 0-120
weekday,6,waterlogging_reports,228,0.9956140350877193,1.0,0.945649938572394,0.0,0.0,2.0,4.0,0.8377192982456141,1.1491447368421057,missing excluded; avg_speed_kmph additionally excludes values outside 0-120
weekday,6,power_outage_minutes,228,10.733771929824563,7.15,11.167473607183412,0.0,2.4,15.325000000000001,67.3,8.989015350877192,12.707182017543865,missing excluded; avg_speed_kmph additionally excludes values outside 0-120
weekday,6,citizen_complaints,228,7.692982456140351,7.0,2.5949024681236317,2.0,6.0,10.0,15.0,7.276271929824561,8.12719298245614,missing excluded; avg_speed_kmph additionally excludes values outside 0-120
weekday,6,temperature_c,225,28.352000000000004,28.0,6.942571055246237,13.1,23.0,33.3,46.9,27.142062222222222,29.544502222222224,missing excluded; avg_speed_kmph additionally excludes values outside 0-120
