metric,fold,model_family,train_n,test_n,baseline_mae,model_mae,mae_improvement,model_r2,improvement_ci99_lower,improvement_ci99_upper,r2_ci99_lower,r2_ci99_upper
traffic_volume,1,negative_binomial,780,156,960.3044871794872,2224.844150359965,-1.316811157359642,-4.431146060682773,-1.6330595244422095,-0.9904743187398802,-5.779638779209688,-3.436036639007428
traffic_volume,2,negative_binomial,936,156,1150.801282051282,2061.2640744807213,-0.7911555249630555,-3.4957774285530094,-1.1680331319723565,-0.48839446001268594,-4.622822741679783,-2.751353383563732
traffic_volume,3,negative_binomial,1092,156,1136.224358974359,2027.4935001884342,-0.7844129851419498,-3.372056459922546,-1.202440327759759,-0.400382053417929,-4.764007578689822,-2.4875833534464573
avg_speed_kmph,1,huber,772,154,9.101298701298703,9.022565913232873,0.00865072014992709,-0.04280312666742425,-0.07967183658150781,0.08733701874438281,-0.14470627088548496,0.04083673244896672
avg_speed_kmph,2,huber,926,154,10.796753246753246,11.036045229792446,-0.022163327953351054,-0.07730250401402117,-0.0934328819806153,0.04703725572277735,-0.18088222440930415,-0.005706158489212452
avg_speed_kmph,3,huber,1080,155,12.36516129032258,9.572697657309588,0.2258331749540926,0.023893946596965532,0.11059395205233895,0.32167003064936567,-0.08991819888518099,0.08540609175410424
public_transport_usage,1,negative_binomial,796,159,548.1855345911949,1354.3545980710585,-1.4706135288320912,-4.342790350036122,-1.916674111951686,-1.089500360772858,-6.361361248066448,-3.1211839299320356
public_transport_usage,2,negative_binomial,955,160,600.48125,1205.5328083709942,-1.0076110759011945,-3.0901779561118445,-1.463276649850396,-0.6623898531806109,-4.286540386480502,-2.343885842413638
public_transport_usage,3,negative_binomial,1115,159,714.5,1233.0134622769642,-0.7257011368466959,-2.9401068321550916,-0.9795712195065086,-0.4907512230073461,-4.001369084806623,-2.2852232677837683
parking_occupancy_pct,1,huber,796,159,17.03522012578616,16.98495463237102,0.0029506805925596873,-0.031783298930552206,-0.03747152181579573,0.04693532952651005,-0.11935859105702552,0.012733466662961521
parking_occupancy_pct,2,huber,955,160,19.613437499999996,17.960880878210652,0.08425634832187598,-0.03187309596120924,0.0121387686656098,0.1503096913405701,-0.14504809018141512,0.02576647860904852
parking_occupancy_pct,3,huber,1115,159,20.32075471698113,17.486778207560285,0.1394621680587789,-0.16268376037734855,0.014110456525200337,0.24983893185733025,-0.3224356228505784,-0.06196998050658002
road_incidents,1,poisson,796,159,0.9905660377358491,1.316688725314178,-0.3292286179362177,-0.8083822250748258,-0.5780398114455861,-0.13016558374984807,-1.2504998463405244,-0.5311770731862512
road_incidents,2,poisson,955,160,1.16875,1.2375998946608848,-0.058909000779366734,-0.46457161515038004,-0.2979809789079189,0.14975937724593102,-0.7385590964306805,-0.27415157646975574
road_incidents,3,poisson,1115,159,1.1320754716981132,1.520794619440067,-0.34336858050539254,-0.9009475619101062,-0.5056277864130675,-0.17928542893651797,-1.281084483075809,-0.6301204201080748
waterlogging_reports,1,poisson,796,159,0.7861635220125787,0.983946337480351,-0.2515797412750064,-0.8593757140062819,-0.5168747157111512,-0.0009963896197946755,-1.3365205763183967,-0.5605974039743125
waterlogging_reports,2,poisson,955,160,0.74375,0.9560132990438734,-0.285396032327897,-0.8269738405922911,-0.5970419837173188,0.004702430511423819,-1.2747941032745391,-0.5380404205478715
waterlogging_reports,3,poisson,1115,159,0.9119496855345912,0.9771108535995361,-0.07145259118845679,-0.5431196837529224,-0.33822701265476796,0.13550391029573944,-0.990893274898631,-0.2817141555724859
power_outage_minutes,1,huber,796,159,9.524528301886793,9.202147985166453,0.03384737873648574,-0.10919201845780857,-0.02319855699819603,0.09596260296986783,-0.20683759638149526,-0.05379258932981446
power_outage_minutes,2,huber,955,160,8.366249999999999,8.534492171672161,-0.02010962757175103,-0.042417206608022395,-0.10271946005840012,0.05936728432349593,-0.18083032014924724,0.036049110015405776
power_outage_minutes,3,huber,1115,159,9.531761006289308,8.873724338167646,0.06903621142908137,-0.11024137979172144,-0.02665344485473608,0.14475151022615684,-0.22467826609958802,-0.03756519963402485
citizen_complaints,1,poisson,796,159,2.2861635220125787,5.383267041259933,-1.3547165324905897,-4.1241208599006205,-1.7459963470234032,-1.0283811412626873,-5.362581870647538,-3.3150477621050376
citizen_complaints,2,poisson,955,160,2.5125,5.6666011201689,-1.2553636299179698,-3.9745904274990975,-1.8028851938533241,-0.8619301749404691,-5.58309526159128,-3.0962500993861557
citizen_complaints,3,poisson,1115,159,2.411949685534591,6.076275290682351,-1.5192379953546122,-5.58106087894709,-1.9119589449223506,-1.220226670348804,-7.555801214278316,-4.252234451061334
temperature_c,1,huber,660,132,6.146212121212121,4.583658514689861,0.2542303415024507,-0.07540306209031655,0.13361712421393526,0.34593656501340686,-0.22890958313340423,0.029610971764277398
temperature_c,2,huber,792,131,4.403435114503816,4.9095182733826075,-0.11492917363807172,-0.21587491888210852,-0.24348842341322935,-0.001586435627215129,-0.5080182115321803,-0.033565529339929547
temperature_c,3,huber,923,133,4.51766917293233,4.437612144536015,0.017720870061928885,-0.07671201660972038,-0.08939662749156896,0.1161884287302524,-0.3103023835371642,0.07572103770005856
