metric,folds,useful_folds,mean_baseline_mae,mean_model_mae,mean_mae_improvement,mean_model_r2,supported_by_both_gates
traffic_volume,3,0,1094.2012698023843,981.0045343712492,0.10040295138796267,-0.1025721417505246,0
avg_speed_kmph,3,0,10.895806451612904,9.940886952702643,0.07626159797912319,-0.02149134919916092,0
public_transport_usage,3,0,634.1395833333335,607.3900347902166,0.03419650904921368,-0.05148210001554395,0
parking_occupancy_pct,3,0,19.12875,17.58861236127463,0.07666288136361431,-0.08512431919200576,0
road_incidents,3,0,1.11875,1.1099210250854836,0.00882381267181668,-0.06009137945684021,0
waterlogging_reports,3,0,0.8104166666666667,0.8461985079399371,-0.04672899095289162,-0.05280237034461329,0
power_outage_minutes,3,0,9.093437499999999,9.31777626518726,-0.02887386059230912,-0.08473355163010525,0
citizen_complaints,3,0,2.4479166666666665,2.1761630783968458,0.11133773937722047,-0.03139460732164704,0
temperature_c,3,0,5.268172324751273,4.629361926691835,0.0843881425594365,-0.12695074519326047,0
