record_id,source_row_number,field_name,original_value,imputed_value,method,distribution_class,estimate_value,primary_analysis_effect
URB20001,3,temperature_c,,28.521175584024114,mean,normal_like,28.521175584024114,Sensitivity analysis only; excluded from the primary observed-value analysis.
URB20003,5,zone,,Central,mode,categorical,Central,Sensitivity analysis only; excluded from the primary observed-value analysis.
URB20015,17,zone,,Central,mode,categorical,Central,Sensitivity analysis only; excluded from the primary observed-value analysis.
URB20032,34,avg_speed_kmph,,38.162927143778205,mean,normal_like,38.162927143778205,Sensitivity analysis only; excluded from the primary observed-value analysis.
URB20046,48,avg_speed_kmph,,38.162927143778205,mean,normal_like,38.162927143778205,Sensitivity analysis only; excluded from the primary observed-value analysis.
URB20048,50,avg_speed_kmph,,38.162927143778205,mean,normal_like,38.162927143778205,Sensitivity analysis only; excluded from the primary observed-value analysis.
URB20073,75,avg_speed_kmph,,38.162927143778205,mean,normal_like,38.162927143778205,Sensitivity analysis only; excluded from the primary observed-value analysis.
URB20090,92,zone,,Central,mode,categorical,Central,Sensitivity analysis only; excluded from the primary observed-value analysis.
URB20091,93,zone,,Central,mode,categorical,Central,Sensitivity analysis only; excluded from the primary observed-value analysis.
URB20096,98,zone,,Central,mode,categorical,Central,Sensitivity analysis only; excluded from the primary observed-value analysis.
URB20106,108,zone,,Central,mode,categorical,Central,Sensitivity analysis only; excluded from the primary observed-value analysis.
URB20109,111,temperature_c,,28.521175584024114,mean,normal_like,28.521175584024114,Sensitivity analysis only; excluded from the primary observed-value analysis.
URB20110,112,avg_speed_kmph,,38.162927143778205,mean,normal_like,38.162927143778205,Sensitivity analysis only; excluded from the primary observed-value analysis.
URB20145,147,traffic_volume,,2050.9489795918366,mean,normal_like,2050.9489795918366,Sensitivity analysis only; excluded from the primary observed-value analysis.
URB20158,160,traffic_volume,,2050.9489795918366,mean,normal_like,2050.9489795918366,Sensitivity analysis only; excluded from the primary observed-value analysis.
URB20162,164,avg_speed_kmph,,38.162927143778205,mean,normal_like,38.162927143778205,Sensitivity analysis only; excluded from the primary observed-value analysis.
URB20178,180,avg_speed_kmph,,38.162927143778205,mean,normal_like,38.162927143778205,Sensitivity analysis only; excluded from the primary observed-value analysis.
URB20197,199,traffic_volume,,2050.9489795918366,mean,normal_like,2050.9489795918366,Sensitivity analysis only; excluded from the primary observed-value analysis.
URB20204,206,avg_speed_kmph,,38.162927143778205,mean,normal_like,38.162927143778205,Sensitivity analysis only; excluded from the primary observed-value analysis.
URB20214,216,zone,,Central,mode,categorical,Central,Sensitivity analysis only; excluded from the primary observed-value analysis.
URB20242,244,temperature_c,,28.521175584024114,mean,normal_like,28.521175584024114,Sensitivity analysis only; excluded from the primary observed-value analysis.
URB20247,249,traffic_volume,,2050.9489795918366,mean,normal_like,2050.9489795918366,Sensitivity analysis only; excluded from the primary observed-value analysis.
URB20247,249,avg_speed_kmph,,38.162927143778205,mean,normal_like,38.162927143778205,Sensitivity analysis only; excluded from the primary observed-value analysis.
URB20291,293,zone,,Central,mode,categorical,Central,Sensitivity analysis only; excluded from the primary observed-value analysis.
URB20297,299,temperature_c,,28.521175584024114,mean,normal_like,28.521175584024114,Sensitivity analysis only; excluded from the primary observed-value analysis.
URB20323,325,temperature_c,,28.521175584024114,mean,normal_like,28.521175584024114,Sensitivity analysis only; excluded from the primary observed-value analysis.
URB20325,327,avg_speed_kmph,,38.162927143778205,mean,normal_like,38.162927143778205,Sensitivity analysis only; excluded from the primary observed-value analysis.
URB20327,329,zone,,Central,mode,categorical,Central,Sensitivity analysis only; excluded from the primary observed-value analysis.
URB20336,338,avg_speed_kmph,,38.162927143778205,mean,normal_like,38.162927143778205,Sensitivity analysis only; excluded from the primary observed-value analysis.
URB20349,351,avg_speed_kmph,,38.162927143778205,mean,normal_like,38.162927143778205,Sensitivity analysis only; excluded from the primary observed-value analysis.
URB20366,368,zone,,Central,mode,categorical,Central,Sensitivity analysis only; excluded from the primary observed-value analysis.
URB20382,384,temperature_c,,28.521175584024114,mean,normal_like,28.521175584024114,Sensitivity analysis only; excluded from the primary observed-value analysis.
URB20419,421,zone,,Central,mode,categorical,Central,Sensitivity analysis only; excluded from the primary observed-value analysis.
URB20419,421,avg_speed_kmph,,38.162927143778205,mean,normal_like,38.162927143778205,Sensitivity analysis only; excluded from the primary observed-value analysis.
URB20429,431,avg_speed_kmph,,38.162927143778205,mean,normal_like,38.162927143778205,Sensitivity analysis only; excluded from the primary observed-value analysis.
URB20433,435,traffic_volume,,2050.9489795918366,mean,normal_like,2050.9489795918366,Sensitivity analysis only; excluded from the primary observed-value analysis.
URB20435,437,zone,,Central,mode,categorical,Central,Sensitivity analysis only; excluded from the primary observed-value analysis.
URB20449,451,avg_speed_kmph,,38.162927143778205,mean,normal_like,38.162927143778205,Sensitivity analysis only; excluded from the primary observed-value analysis.
URB20461,463,avg_speed_kmph,,38.162927143778205,mean,normal_like,38.162927143778205,Sensitivity analysis only; excluded from the primary observed-value analysis.
URB20462,464,temperature_c,,28.521175584024114,mean,normal_like,28.521175584024114,Sensitivity analysis only; excluded from the primary observed-value analysis.
URB20475,477,zone,,Central,mode,categorical,Central,Sensitivity analysis only; excluded from the primary observed-value analysis.
URB20477,479,zone,,Central,mode,categorical,Central,Sensitivity analysis only; excluded from the primary observed-value analysis.
URB20492,494,zone,,Central,mode,categorical,Central,Sensitivity analysis only; excluded from the primary observed-value analysis.
URB20567,569,avg_speed_kmph,,38.162927143778205,mean,normal_like,38.162927143778205,Sensitivity analysis only; excluded from the primary observed-value analysis.
URB20577,579,avg_speed_kmph,,38.162927143778205,mean,normal_like,38.162927143778205,Sensitivity analysis only; excluded from the primary observed-value analysis.
URB20596,598,avg_speed_kmph,,38.162927143778205,mean,normal_like,38.162927143778205,Sensitivity analysis only; excluded from the primary observed-value analysis.
URB20597,599,zone,,Central,mode,categorical,Central,Sensitivity analysis only; excluded from the primary observed-value analysis.
URB20604,606,traffic_volume,,2050.9489795918366,mean,normal_like,2050.9489795918366,Sensitivity analysis only; excluded from the primary observed-value analysis.
URB20608,610,zone,,Central,mode,categorical,Central,Sensitivity analysis only; excluded from the primary observed-value analysis.
URB20613,615,traffic_volume,,2050.9489795918366,mean,normal_like,2050.9489795918366,Sensitivity analysis only; excluded from the primary observed-value analysis.
URB20621,623,traffic_volume,,2050.9489795918366,mean,normal_like,2050.9489795918366,Sensitivity analysis only; excluded from the primary observed-value analysis.
URB20646,648,avg_speed_kmph,,38.162927143778205,mean,normal_like,38.162927143778205,Sensitivity analysis only; excluded from the primary observed-value analysis.
URB20657,659,traffic_volume,,2050.9489795918366,mean,normal_like,2050.9489795918366,Sensitivity analysis only; excluded from the primary observed-value analysis.
URB20678,680,zone,,Central,mode,categorical,Central,Sensitivity analysis only; excluded from the primary observed-value analysis.
URB20681,683,avg_speed_kmph,,38.162927143778205,mean,normal_like,38.162927143778205,Sensitivity analysis only; excluded from the primary observed-value analysis.
URB20687,689,zone,,Central,mode,categorical,Central,Sensitivity analysis only; excluded from the primary observed-value analysis.
URB20696,698,temperature_c,,28.521175584024114,mean,normal_like,28.521175584024114,Sensitivity analysis only; excluded from the primary observed-value analysis.
URB20702,704,zone,,Central,mode,categorical,Central,Sensitivity analysis only; excluded from the primary observed-value analysis.
URB20707,709,traffic_volume,,2050.9489795918366,mean,normal_like,2050.9489795918366,Sensitivity analysis only; excluded from the primary observed-value analysis.
URB20709,711,traffic_volume,,2050.9489795918366,mean,normal_like,2050.9489795918366,Sensitivity analysis only; excluded from the primary observed-value analysis.
URB20723,725,zone,,Central,mode,categorical,Central,Sensitivity analysis only; excluded from the primary observed-value analysis.
URB20724,726,avg_speed_kmph,,38.162927143778205,mean,normal_like,38.162927143778205,Sensitivity analysis only; excluded from the primary observed-value analysis.
URB20749,751,avg_speed_kmph,,38.162927143778205,mean,normal_like,38.162927143778205,Sensitivity analysis only; excluded from the primary observed-value analysis.
URB20758,760,avg_speed_kmph,,38.162927143778205,mean,normal_like,38.162927143778205,Sensitivity analysis only; excluded from the primary observed-value analysis.
URB20777,779,traffic_volume,,2050.9489795918366,mean,normal_like,2050.9489795918366,Sensitivity analysis only; excluded from the primary observed-value analysis.
URB20800,802,avg_speed_kmph,,38.162927143778205,mean,normal_like,38.162927143778205,Sensitivity analysis only; excluded from the primary observed-value analysis.
URB20821,823,zone,,Central,mode,categorical,Central,Sensitivity analysis only; excluded from the primary observed-value analysis.
URB20821,823,avg_speed_kmph,,38.162927143778205,mean,normal_like,38.162927143778205,Sensitivity analysis only; excluded from the primary observed-value analysis.
URB20825,827,temperature_c,,28.521175584024114,mean,normal_like,28.521175584024114,Sensitivity analysis only; excluded from the primary observed-value analysis.
URB20830,832,traffic_volume,,2050.9489795918366,mean,normal_like,2050.9489795918366,Sensitivity analysis only; excluded from the primary observed-value analysis.
URB20841,843,zone,,Central,mode,categorical,Central,Sensitivity analysis only; excluded from the primary observed-value analysis.
URB20874,876,avg_speed_kmph,,38.162927143778205,mean,normal_like,38.162927143778205,Sensitivity analysis only; excluded from the primary observed-value analysis.
URB20898,900,avg_speed_kmph,,38.162927143778205,mean,normal_like,38.162927143778205,Sensitivity analysis only; excluded from the primary observed-value analysis.
URB20903,905,temperature_c,,28.521175584024114,mean,normal_like,28.521175584024114,Sensitivity analysis only; excluded from the primary observed-value analysis.
URB20920,922,temperature_c,,28.521175584024114,mean,normal_like,28.521175584024114,Sensitivity analysis only; excluded from the primary observed-value analysis.
URB20923,925,traffic_volume,,2050.9489795918366,mean,normal_like,2050.9489795918366,Sensitivity analysis only; excluded from the primary observed-value analysis.
URB20952,954,temperature_c,,28.521175584024114,mean,normal_like,28.521175584024114,Sensitivity analysis only; excluded from the primary observed-value analysis.
URB20961,963,traffic_volume,,2050.9489795918366,mean,normal_like,2050.9489795918366,Sensitivity analysis only; excluded from the primary observed-value analysis.
URB20961,963,temperature_c,,28.521175584024114,mean,normal_like,28.521175584024114,Sensitivity analysis only; excluded from the primary observed-value analysis.
URB20995,997,traffic_volume,,2050.9489795918366,mean,normal_like,2050.9489795918366,Sensitivity analysis only; excluded from the primary observed-value analysis.
URB20997,999,temperature_c,,28.521175584024114,mean,normal_like,28.521175584024114,Sensitivity analysis only; excluded from the primary observed-value analysis.
URB21042,1044,avg_speed_kmph,,38.162927143778205,mean,normal_like,38.162927143778205,Sensitivity analysis only; excluded from the primary observed-value analysis.
URB21045,1047,zone,,Central,mode,categorical,Central,Sensitivity analysis only; excluded from the primary observed-value analysis.
URB21052,1054,zone,,Central,mode,categorical,Central,Sensitivity analysis only; excluded from the primary observed-value analysis.
URB21056,1058,traffic_volume,,2050.9489795918366,mean,normal_like,2050.9489795918366,Sensitivity analysis only; excluded from the primary observed-value analysis.
URB21065,1067,temperature_c,,28.521175584024114,mean,normal_like,28.521175584024114,Sensitivity analysis only; excluded from the primary observed-value analysis.
URB21082,1084,traffic_volume,,2050.9489795918366,mean,normal_like,2050.9489795918366,Sensitivity analysis only; excluded from the primary observed-value analysis.
URB21096,1098,traffic_volume,,2050.9489795918366,mean,normal_like,2050.9489795918366,Sensitivity analysis only; excluded from the primary observed-value analysis.
URB21122,1124,zone,,Central,mode,categorical,Central,Sensitivity analysis only; excluded from the primary observed-value analysis.
URB21131,1133,avg_speed_kmph,,38.162927143778205,mean,normal_like,38.162927143778205,Sensitivity analysis only; excluded from the primary observed-value analysis.
URB21133,1135,avg_speed_kmph,,38.162927143778205,mean,normal_like,38.162927143778205,Sensitivity analysis only; excluded from the primary observed-value analysis.
URB21135,1137,temperature_c,,28.521175584024114,mean,normal_like,28.521175584024114,Sensitivity analysis only; excluded from the primary observed-value analysis.
URB21139,1141,traffic_volume,,2050.9489795918366,mean,normal_like,2050.9489795918366,Sensitivity analysis only; excluded from the primary observed-value analysis.
URB21141,1143,temperature_c,,28.521175584024114,mean,normal_like,28.521175584024114,Sensitivity analysis only; excluded from the primary observed-value analysis.
URB21146,1148,traffic_volume,,2050.9489795918366,mean,normal_like,2050.9489795918366,Sensitivity analysis only; excluded from the primary observed-value analysis.
URB21146,1148,temperature_c,,28.521175584024114,mean,normal_like,28.521175584024114,Sensitivity analysis only; excluded from the primary observed-value analysis.
URB21149,1151,temperature_c,,28.521175584024114,mean,normal_like,28.521175584024114,Sensitivity analysis only; excluded from the primary observed-value analysis.
URB21160,1162,zone,,Central,mode,categorical,Central,Sensitivity analysis only; excluded from the primary observed-value analysis.
URB21161,1163,traffic_volume,,2050.9489795918366,mean,normal_like,2050.9489795918366,Sensitivity analysis only; excluded from the primary observed-value analysis.
URB21162,1164,temperature_c,,28.521175584024114,mean,normal_like,28.521175584024114,Sensitivity analysis only; excluded from the primary observed-value analysis.
URB21177,1179,temperature_c,,28.521175584024114,mean,normal_like,28.521175584024114,Sensitivity analysis only; excluded from the primary observed-value analysis.
URB21190,1192,temperature_c,,28.521175584024114,mean,normal_like,28.521175584024114,Sensitivity analysis only; excluded from the primary observed-value analysis.
URB21198,1200,traffic_volume,,2050.9489795918366,mean,normal_like,2050.9489795918366,Sensitivity analysis only; excluded from the primary observed-value analysis.
URB21201,1203,traffic_volume,,2050.9489795918366,mean,normal_like,2050.9489795918366,Sensitivity analysis only; excluded from the primary observed-value analysis.
URB21236,1238,temperature_c,,28.521175584024114,mean,normal_like,28.521175584024114,Sensitivity analysis only; excluded from the primary observed-value analysis.
URB21244,1246,traffic_volume,,2050.9489795918366,mean,normal_like,2050.9489795918366,Sensitivity analysis only; excluded from the primary observed-value analysis.
URB21254,1256,avg_speed_kmph,,38.162927143778205,mean,normal_like,38.162927143778205,Sensitivity analysis only; excluded from the primary observed-value analysis.
URB21257,1259,avg_speed_kmph,,38.162927143778205,mean,normal_like,38.162927143778205,Sensitivity analysis only; excluded from the primary observed-value analysis.
URB21259,1261,traffic_volume,,2050.9489795918366,mean,normal_like,2050.9489795918366,Sensitivity analysis only; excluded from the primary observed-value analysis.
URB21265,1267,zone,,Central,mode,categorical,Central,Sensitivity analysis only; excluded from the primary observed-value analysis.
URB21265,1267,traffic_volume,,2050.9489795918366,mean,normal_like,2050.9489795918366,Sensitivity analysis only; excluded from the primary observed-value analysis.
URB21271,1273,temperature_c,,28.521175584024114,mean,normal_like,28.521175584024114,Sensitivity analysis only; excluded from the primary observed-value analysis.
URB21274,1276,temperature_c,,28.521175584024114,mean,normal_like,28.521175584024114,Sensitivity analysis only; excluded from the primary observed-value analysis.
URB21316,1318,zone,,Central,mode,categorical,Central,Sensitivity analysis only; excluded from the primary observed-value analysis.
URB21318,1320,temperature_c,,28.521175584024114,mean,normal_like,28.521175584024114,Sensitivity analysis only; excluded from the primary observed-value analysis.
URB21348,1350,avg_speed_kmph,,38.162927143778205,mean,normal_like,38.162927143778205,Sensitivity analysis only; excluded from the primary observed-value analysis.
URB21369,1371,avg_speed_kmph,,38.162927143778205,mean,normal_like,38.162927143778205,Sensitivity analysis only; excluded from the primary observed-value analysis.
URB21370,1372,temperature_c,,28.521175584024114,mean,normal_like,28.521175584024114,Sensitivity analysis only; excluded from the primary observed-value analysis.
URB21377,1379,temperature_c,,28.521175584024114,mean,normal_like,28.521175584024114,Sensitivity analysis only; excluded from the primary observed-value analysis.
URB21399,1401,traffic_volume,,2050.9489795918366,mean,normal_like,2050.9489795918366,Sensitivity analysis only; excluded from the primary observed-value analysis.
URB21404,1406,temperature_c,,28.521175584024114,mean,normal_like,28.521175584024114,Sensitivity analysis only; excluded from the primary observed-value analysis.
URB21460,1462,zone,,Central,mode,categorical,Central,Sensitivity analysis only; excluded from the primary observed-value analysis.
URB21462,1464,traffic_volume,,2050.9489795918366,mean,normal_like,2050.9489795918366,Sensitivity analysis only; excluded from the primary observed-value analysis.
URB21480,1482,temperature_c,,28.521175584024114,mean,normal_like,28.521175584024114,Sensitivity analysis only; excluded from the primary observed-value analysis.
URB21509,1511,traffic_volume,,2050.9489795918366,mean,normal_like,2050.9489795918366,Sensitivity analysis only; excluded from the primary observed-value analysis.
URB21513,1515,avg_speed_kmph,,38.162927143778205,mean,normal_like,38.162927143778205,Sensitivity analysis only; excluded from the primary observed-value analysis.
URB21513,1515,temperature_c,,28.521175584024114,mean,normal_like,28.521175584024114,Sensitivity analysis only; excluded from the primary observed-value analysis.
URB21515,1517,temperature_c,,28.521175584024114,mean,normal_like,28.521175584024114,Sensitivity analysis only; excluded from the primary observed-value analysis.
URB21520,1522,traffic_volume,,2050.9489795918366,mean,normal_like,2050.9489795918366,Sensitivity analysis only; excluded from the primary observed-value analysis.
URB21528,1530,avg_speed_kmph,,38.162927143778205,mean,normal_like,38.162927143778205,Sensitivity analysis only; excluded from the primary observed-value analysis.
URB21530,1532,traffic_volume,,2050.9489795918366,mean,normal_like,2050.9489795918366,Sensitivity analysis only; excluded from the primary observed-value analysis.
URB21548,1550,avg_speed_kmph,,38.162927143778205,mean,normal_like,38.162927143778205,Sensitivity analysis only; excluded from the primary observed-value analysis.
URB21566,1568,zone,,Central,mode,categorical,Central,Sensitivity analysis only; excluded from the primary observed-value analysis.
URB21581,1583,avg_speed_kmph,,38.162927143778205,mean,normal_like,38.162927143778205,Sensitivity analysis only; excluded from the primary observed-value analysis.
URB21589,1591,zone,,Central,mode,categorical,Central,Sensitivity analysis only; excluded from the primary observed-value analysis.
