hypothesis_id,factor,metric,groups,n,eta_squared,p_value_permutation,p_adjusted_holm,practical_threshold_met,statistically_significant,supported_by_both_gates
H4_city,city,traffic_volume,7,1568,0.005575562735177181,0.1803639272145571,1.0,0,0,0
H4_city,city,avg_speed_kmph,7,1551,0.0009467657615618331,0.9632073585282943,1.0,0,0,0
H4_city,city,public_transport_usage,7,1600,0.0031323849917293508,0.5414917016596681,1.0,0,0,0
H4_city,city,parking_occupancy_pct,7,1600,0.0012715051543155766,0.910617876424715,1.0,0,0,0
H4_city,city,road_incidents,7,1600,0.006256559868395907,0.1219756048790242,0.9758048390321936,0,0,0
H4_city,city,waterlogging_reports,7,1600,0.005591041363888963,0.17896420715856828,1.0,0,0,0
H4_city,city,power_outage_minutes,7,1600,0.0017568956379821394,0.8394321135772845,1.0,0,0,0
H4_city,city,citizen_complaints,7,1600,0.0030273797855987186,0.5724855028994201,1.0,0,0,0
H4_city,city,temperature_c,7,1327,0.01468860254370135,0.0033993201359728054,0.03059388122375525,0,0,0
H4_zone,zone,traffic_volume,5,1537,0.0003076206991458047,0.9752049590081984,1.0,0,0,0
H4_zone,zone,avg_speed_kmph,5,1521,0.002898086741323723,0.35272945410917816,1.0,0,0,0
H4_zone,zone,public_transport_usage,5,1568,0.00607687467653242,0.05538892221555689,0.49850029994001205,0,0,0
H4_zone,zone,parking_occupancy_pct,5,1568,0.001577136209219289,0.6568686262747451,1.0,0,0,0
H4_zone,zone,road_incidents,5,1568,0.0010651197163551432,0.790241951609678,1.0,0,0,0
H4_zone,zone,waterlogging_reports,5,1568,0.0003048719708740133,0.9734053189362127,1.0,0,0,0
H4_zone,zone,power_outage_minutes,5,1568,0.002862416739369453,0.32993401319736054,1.0,0,0,0
H4_zone,zone,citizen_complaints,5,1568,0.0019208524059072273,0.556488702259548,1.0,0,0,0
H4_zone,zone,temperature_c,5,1300,0.003717191097284339,0.3063387322535493,1.0,0,0,0
